id,first_name,gender,part_time_job,absence_days,extracurricular_activities,weekly_self_study_hours,career_aspiration,math_score,history_score,physics_score,chemistry_score,biology_score,english_score,computer_score
1,Saad,male,FALSE,3,FALSE,27,Lawyer,73,81,93,97,63,80,87
2,Ayesha,female,FALSE,2,FALSE,47,Doctor,90,86,96,100,90,88,90
3,Hammad,female,FALSE,9,TRUE,13,Government Officer,81,97,95,96,65,77,94
4,Hurrain,female,FALSE,5,FALSE,3,Artist,71,74,88,80,89,63,86
5,Asad,male,FALSE,5,FALSE,10,Unknown,84,77,65,65,80,74,76
6,fatima,female,FALSE,2,FALSE,26,Unknown,93,100,67,78,72,80,84
7,Anthony,male,FALSE,3,TRUE,23,Software Engineer,99,96,97,73,88,76,64
8,George,male,TRUE,2,TRUE,34,Software Engineer,95,95,82,63,84,70,85
9,Stanley,male,FALSE,6,FALSE,25,Unknown,94,68,94,85,81,74,72
10,Audrey,female,FALSE,3,TRUE,18,Teacher,98,69,88,71,67,71,73
11,M,female,FALSE,2,FALSE,7,Teacher,65,60,97,94,71,81,66
12,Clinton,male,FALSE,1,FALSE,7,Unknown,80,61,100,65,87,64,61
13,Patricia,female,TRUE,7,FALSE,4,Business Owner,94,59,69,67,89,65,73
14,Pamela,female,FALSE,10,FALSE,2,Business Owner,66,94,86,100,57,90,63
15,Laura,female,FALSE,3,FALSE,39,Doctor,96,90,86,92,92,95,87
16,Roger,male,FALSE,6,FALSE,0,Business Owner,94,50,78,64,79,74,84
17,Vicki,female,FALSE,3,TRUE,30,Scientist,92,64,93,91,80,89,72
18,Maxwell,male,FALSE,2,TRUE,28,Software Engineer,86,83,85,79,93,76,77
19,Jonathan,male,FALSE,1,FALSE,37,Doctor,92,87,92,99,97,87,86
20,Angela,female,FALSE,2,FALSE,27,Software Engineer,99,65,98,75,66,72,100
21,Tim,male,TRUE,3,FALSE,15,Software Engineer,100,90,72,98,73,97,72
22,Kyle,male,FALSE,8,FALSE,4,Business Owner,57,55,78,94,83,88,88
23,Shannon,female,FALSE,9,FALSE,2,Business Owner,89,72,68,72,71,54,90
24,Sean,male,FALSE,9,FALSE,1,Business Owner,50,76,81,55,56,80,79
25,Cassandra,female,FALSE,4,FALSE,35,Software Engineer,87,91,90,88,95,88,93
26,Patricia,female,FALSE,5,FALSE,22,Doctor,92,86,87,81,93,90,99
27,Jason,male,FALSE,3,FALSE,34,Banker,100,77,80,94,63,90,90
28,Peter,male,FALSE,0,FALSE,23,Writer,64,75,93,79,81,96,85
29,Jeffrey,male,FALSE,1,TRUE,17,Accountant,79,65,99,71,76,77,83
30,Carol,female,FALSE,3,FALSE,19,Accountant,82,100,61,97,30,74,73
31,Angie,female,FALSE,0,FALSE,14,Software Engineer,88,69,87,100,88,85,72
32,Cynthia,female,FALSE,4,FALSE,30,Designer,70,68,92,74,82,85,72
33,Timothy,male,FALSE,4,FALSE,30,Accountant,77,96,98,89,85,62,62
34,Phyllis,female,FALSE,1,FALSE,24,Banker,99,84,84,78,78,77,68
35,Lisa,female,FALSE,3,TRUE,31,Unknown,90,93,91,80,86,69,62
36,Kelly,female,FALSE,1,FALSE,21,Unknown,65,70,78,98,80,66,65
37,Ryan,male,FALSE,2,TRUE,19,Construction Engineer,99,94,87,71,89,91,96
38,Michael,male,FALSE,1,FALSE,29,Construction Engineer,92,100,85,89,81,91,88
39,Miguel,male,FALSE,4,FALSE,21,Banker,77,64,64,88,94,82,78
40,Christopher,male,FALSE,4,FALSE,18,Accountant,92,60,66,87,60,83,95
41,Emily,female,FALSE,4,FALSE,31,Software Engineer,85,97,64,90,79,81,81
42,Jesus,male,TRUE,7,FALSE,4,Business Owner,65,55,66,50,88,56,86
43,Lauren,female,TRUE,6,FALSE,3,Business Owner,93,94,92,77,87,98,63
44,Pamela,female,FALSE,4,FALSE,3,Game Developer,97,99,85,96,91,68,66
45,David,male,TRUE,4,FALSE,3,Business Owner,54,99,79,57,53,95,83
46,Kenneth,male,TRUE,5,TRUE,5,Business Owner,88,53,50,58,84,53,96
47,Elizabeth,female,FALSE,5,TRUE,27,Lawyer,71,85,93,68,100,91,87
48,Billy,male,FALSE,0,TRUE,28,Stock Investor,81,98,74,70,97,65,65
49,Kimberly,female,FALSE,4,FALSE,32,Unknown,80,78,86,80,64,68,100
50,Sonia,female,FALSE,0,FALSE,14,Accountant,100,89,90,93,30,83,74
51,Christopher,male,FALSE,6,TRUE,16,Stock Investor,76,72,96,65,89,87,94
52,Sandra,female,FALSE,2,FALSE,24,Lawyer,99,81,73,70,85,86,61
53,Luke,male,FALSE,9,FALSE,0,Business Owner,64,70,61,81,82,51,70
54,Lindsay,female,FALSE,3,FALSE,32,Banker,90,96,86,61,89,98,68
55,Jamie,male,FALSE,2,FALSE,3,Game Developer,85,100,92,68,60,77,83
56,Jennifer,female,FALSE,6,FALSE,31,Software Engineer,91,60,84,88,76,71,99
57,Melissa,female,FALSE,3,FALSE,21,Unknown,95,72,79,86,87,81,62
58,David,male,TRUE,2,FALSE,18,Banker,94,78,73,97,67,78,99
59,Jacob,male,FALSE,7,FALSE,26,Software Engineer,94,89,64,96,91,95,77
60,Casey,male,FALSE,4,FALSE,23,Software Engineer,89,99,90,79,85,96,98
61,Michelle,female,FALSE,2,FALSE,1,Game Developer,91,81,88,71,78,83,76
62,Brittany,female,FALSE,5,FALSE,33,Lawyer,83,86,61,99,99,88,73
63,Brian,male,FALSE,7,FALSE,2,Business Owner,98,65,53,64,52,96,62
64,Veronica,female,FALSE,1,FALSE,34,Banker,83,97,65,88,67,95,69
65,Eric,male,FALSE,2,FALSE,18,Construction Engineer,91,73,99,70,63,80,78
66,Kristy,female,TRUE,6,FALSE,2,Business Owner,90,54,77,74,76,96,88
67,Anthony,male,FALSE,3,FALSE,27,Software Engineer,92,86,66,69,100,71,80
68,Steven,male,FALSE,2,FALSE,8,Real Estate Developer,64,64,73,76,72,97,91
69,Henry,male,FALSE,4,FALSE,14,Software Engineer,90,70,85,60,81,71,88
70,Raymond,male,FALSE,10,TRUE,22,Banker,99,81,96,69,91,87,83
71,Jill,female,FALSE,1,FALSE,15,Designer,89,66,93,81,86,88,70
72,Kimberly,female,TRUE,3,FALSE,22,Writer,62,87,93,83,93,97,73
73,Louis,male,TRUE,10,FALSE,1,Business Owner,61,70,69,64,59,78,80
74,Michael,male,TRUE,8,FALSE,3,Business Owner,51,54,66,87,99,58,68
75,Anna,female,FALSE,2,FALSE,20,Software Engineer,85,100,64,68,73,81,87
76,Andrea,female,FALSE,7,TRUE,27,Software Engineer,99,90,96,92,100,98,77
77,Jennifer,female,FALSE,3,FALSE,24,Software Engineer,87,63,60,90,89,99,80
78,Rhonda,female,FALSE,1,TRUE,5,Unknown,75,91,80,93,74,93,65
79,Chelsea,female,FALSE,7,FALSE,34,Unknown,88,94,80,63,68,77,64
80,Shawn,male,FALSE,3,FALSE,16,Software Engineer,87,79,89,68,93,75,92
81,Elizabeth,female,TRUE,3,FALSE,3,Business Owner,87,67,94,92,62,58,65
82,Lisa,female,FALSE,1,FALSE,15,Stock Investor,76,67,83,85,91,61,67
83,Carol,female,FALSE,7,FALSE,11,Government Officer,60,80,61,63,95,92,75
84,Charles,male,FALSE,7,FALSE,32,Scientist,85,65,99,100,88,93,72
85,James,male,FALSE,3,FALSE,28,Unknown,73,67,70,71,65,73,87
86,Dennis,male,FALSE,1,FALSE,24,Software Engineer,85,71,69,80,70,77,66
87,Jennifer,female,FALSE,2,FALSE,9,Government Officer,91,76,71,72,92,67,90
88,Yvette,female,FALSE,3,TRUE,14,Software Engineer,99,95,83,89,81,63,70
89,Robert,male,FALSE,3,FALSE,16,Stock Investor,93,96,68,87,69,89,100
90,William,male,FALSE,3,FALSE,29,Software Engineer,89,75,60,80,62,85,73
91,Patrick,male,FALSE,0,FALSE,14,Accountant,95,78,95,73,32,65,68
92,James,male,FALSE,4,FALSE,10,Government Officer,68,82,95,63,62,98,93
93,Robert,male,FALSE,5,FALSE,31,Software Engineer,98,73,73,77,87,98,83
94,Jacob,male,FALSE,4,FALSE,34,Stock Investor,79,92,79,76,84,67,86
95,Natalie,female,FALSE,5,FALSE,3,Unknown,78,79,73,96,64,93,85
96,Victoria,female,FALSE,2,TRUE,34,Software Engineer,100,98,89,85,81,64,94
97,Natasha,female,FALSE,3,TRUE,2,Artist,86,76,84,93,76,69,91
98,Thomas,male,FALSE,3,FALSE,4,Real Estate Developer,87,89,93,98,79,72,88
99,Derrick,male,TRUE,0,FALSE,28,Lawyer,100,93,85,61,96,83,86
100,Kimberly,female,FALSE,0,FALSE,5,Game Developer,85,89,94,69,99,93,98
101,Rhonda,female,FALSE,2,FALSE,4,Artist,87,73,98,91,79,60,77
102,Abigail,female,FALSE,2,FALSE,25,Software Engineer,96,80,100,61,81,98,65
103,James,male,FALSE,5,FALSE,29,Writer,76,87,64,74,73,90,99
104,Stephen,male,TRUE,6,FALSE,1,Artist,90,80,63,94,64,70,79
105,Emma,female,FALSE,7,FALSE,2,Business Owner,65,60,100,91,87,78,99
106,Cynthia,female,FALSE,2,FALSE,0,Real Estate Developer,98,97,62,89,62,95,77
107,Erin,female,FALSE,3,FALSE,16,Accountant,91,80,97,89,94,95,84
108,Benjamin,male,FALSE,3,TRUE,31,Scientist,86,81,83,81,81,77,86
109,Alexandra,female,FALSE,1,FALSE,4,Unknown,91,93,72,61,61,87,95
110,Phillip,male,FALSE,5,TRUE,13,Accountant,78,69,82,60,64,77,82
111,Joshua,male,FALSE,4,FALSE,24,Stock Investor,76,89,89,83,89,90,64
112,Erin,female,TRUE,9,FALSE,2,Business Owner,82,54,85,57,50,54,76
113,Charles,male,TRUE,2,TRUE,4,Business Owner,45,85,94,76,57,93,86
114,Kelsey,female,FALSE,1,FALSE,22,Banker,92,75,65,97,61,76,81
115,Robert,male,FALSE,6,TRUE,0,Business Owner,43,65,91,75,64,94,100
116,Robert,male,FALSE,2,FALSE,24,Unknown,96,66,69,65,72,84,77
117,Alyssa,female,FALSE,6,FALSE,1,Business Owner,78,71,50,55,54,97,95
118,Beth,female,FALSE,1,FALSE,19,Unknown,68,96,64,70,74,63,75
119,Andrew,male,FALSE,1,TRUE,19,Software Engineer,93,73,94,65,60,63,93
120,Crystal,female,FALSE,6,FALSE,5,Business Owner,55,93,67,74,55,60,64
121,Jordan,female,TRUE,0,FALSE,13,Teacher,66,90,83,80,76,90,91
122,Antonio,male,FALSE,4,FALSE,26,Doctor,98,92,91,99,97,88,75
123,Jacob,male,FALSE,4,FALSE,41,Doctor,94,94,94,89,85,86,85
124,Wendy,female,FALSE,3,FALSE,47,Doctor,96,100,96,91,91,96,89
125,Jennifer,female,FALSE,2,FALSE,9,Unknown,69,62,82,89,81,72,71
126,Lisa,female,FALSE,4,FALSE,7,Unknown,77,95,98,69,60,89,71
127,Brian,male,FALSE,1,FALSE,3,Game Developer,89,67,86,87,87,68,78
128,Mario,male,FALSE,4,TRUE,14,Accountant,96,67,80,83,86,77,75
129,Amanda,female,FALSE,4,FALSE,26,Unknown,82,70,80,70,96,69,86
130,Michael,male,FALSE,6,TRUE,27,Unknown,99,97,64,90,87,68,69
131,Amanda,female,TRUE,5,FALSE,25,Stock Investor,96,73,90,85,63,84,87
132,Chelsea,female,TRUE,4,FALSE,16,Banker,95,82,66,63,67,92,69
133,Tina,female,FALSE,4,FALSE,27,Software Engineer,90,63,69,80,99,69,79
134,Cory,male,TRUE,6,FALSE,0,Business Owner,88,52,53,56,85,93,78
135,Christopher,male,FALSE,1,FALSE,3,Designer,87,62,87,96,85,90,74
136,Joanne,female,FALSE,2,FALSE,6,Designer,62,83,84,75,83,85,86
137,David,male,FALSE,2,FALSE,12,Banker,85,65,60,78,81,96,76
138,Michelle,female,FALSE,1,TRUE,11,Banker,79,97,76,67,61,90,95
139,Jessica,female,FALSE,4,FALSE,23,Software Engineer,90,94,98,96,68,82,81
140,Lawrence,male,FALSE,2,FALSE,23,Doctor,97,71,82,80,97,93,78
141,James,male,FALSE,0,FALSE,16,Software Engineer,88,69,87,81,77,67,93
142,Marc,male,TRUE,2,TRUE,3,Artist,71,85,77,89,98,63,100
143,Cathy,female,FALSE,1,FALSE,29,Lawyer,70,99,79,96,60,97,100
144,Adam,male,FALSE,3,TRUE,18,Software Engineer,93,68,76,99,80,80,75
145,Sherry,female,FALSE,0,FALSE,3,Game Developer,92,79,81,61,86,72,88
146,Victor,male,FALSE,3,FALSE,6,Real Estate Developer,83,72,68,94,100,98,92
147,Mark,male,FALSE,8,FALSE,2,Business Owner,68,97,51,93,68,58,78
148,Matthew,male,FALSE,0,FALSE,34,Lawyer,92,90,65,79,96,87,74
149,Tanya,female,FALSE,4,TRUE,22,Unknown,69,91,82,99,94,75,74
150,Julie,female,TRUE,5,FALSE,4,Business Owner,76,72,72,65,82,71,93
151,Courtney,female,FALSE,3,FALSE,3,Unknown,86,92,79,73,73,61,60
152,Stephen,male,TRUE,10,FALSE,2,Business Owner,41,57,97,56,50,98,83
153,Elizabeth,female,FALSE,5,FALSE,18,Unknown,91,100,84,72,84,90,82
154,William,male,FALSE,0,FALSE,8,Real Estate Developer,78,67,82,70,65,68,81
155,Nancy,female,FALSE,1,FALSE,33,Software Engineer,89,73,85,84,73,81,98
156,Matthew,male,FALSE,0,TRUE,13,Unknown,96,71,88,74,80,92,65
157,Anita,female,FALSE,0,TRUE,17,Unknown,66,99,85,90,76,64,95
158,Brian,male,TRUE,8,FALSE,1,Business Owner,97,54,62,66,58,69,96
159,Dennis,male,TRUE,7,TRUE,3,Business Owner,49,64,97,61,62,72,65
160,Michael,male,TRUE,4,TRUE,33,Unknown,88,66,96,82,65,76,79
161,Ryan,male,FALSE,1,FALSE,12,Unknown,92,64,77,61,76,72,87
162,Anthony,male,TRUE,3,FALSE,24,Construction Engineer,96,66,92,88,65,76,72
163,Troy,male,FALSE,4,FALSE,33,Construction Engineer,86,88,99,79,93,97,91
164,Nicholas,male,FALSE,1,TRUE,44,Doctor,86,100,100,96,95,97,93
165,Denise,female,FALSE,1,FALSE,15,Teacher,88,72,96,60,90,80,88
166,Lisa,female,FALSE,2,FALSE,5,Game Developer,92,81,99,98,77,80,73
167,Laura,female,TRUE,7,FALSE,5,Business Owner,87,76,71,65,64,81,61
168,Amy,female,FALSE,5,FALSE,22,Unknown,89,94,67,68,69,92,76
169,Fernando,male,FALSE,1,FALSE,9,Unknown,97,96,66,96,71,97,66
170,Evan,male,FALSE,4,TRUE,34,Software Engineer,100,62,67,97,73,84,99
171,Rebecca,female,FALSE,1,FALSE,34,Lawyer,91,98,76,99,65,98,71
172,Erica,female,FALSE,4,FALSE,25,Stock Investor,81,87,65,85,74,64,81
173,Rhonda,female,FALSE,5,TRUE,31,Accountant,82,66,89,76,68,83,79
174,John,male,FALSE,1,FALSE,33,Lawyer,100,96,75,68,77,97,81
175,Amanda,female,FALSE,10,TRUE,3,Business Owner,65,100,80,83,57,81,81
176,Jeremy,male,FALSE,2,FALSE,20,Unknown,68,100,89,75,84,78,90
177,John,male,FALSE,3,FALSE,15,Accountant,97,92,95,75,95,90,83
178,Traci,female,FALSE,3,FALSE,26,Banker,76,94,77,88,85,91,61
179,Elizabeth,female,FALSE,5,FALSE,35,Software Engineer,91,99,94,94,95,98,89
180,Alex,male,FALSE,4,FALSE,12,Construction Engineer,85,73,89,73,97,66,79
181,Christopher,male,FALSE,2,TRUE,5,Unknown,68,69,86,87,72,80,93
182,Jason,male,FALSE,1,FALSE,31,Lawyer,73,99,75,70,100,86,62
183,Victoria,female,FALSE,3,TRUE,28,Unknown,65,90,75,96,91,93,85
184,Logan,male,FALSE,8,TRUE,5,Business Owner,46,79,75,86,91,88,77
185,Rachel,female,FALSE,1,FALSE,33,Software Engineer,92,84,85,77,81,69,95
186,Jenny,female,FALSE,3,FALSE,2,Artist,69,78,69,70,100,88,85
187,Joan,female,FALSE,5,TRUE,9,Real Estate Developer,78,99,64,99,65,84,80
188,Kimberly,female,TRUE,2,TRUE,0,Business Owner,92,62,86,97,54,76,76
189,Steven,male,FALSE,5,FALSE,26,Unknown,70,77,91,96,100,89,67
190,Sonia,female,FALSE,5,FALSE,30,Scientist,95,79,98,95,89,99,87
191,Penny,female,FALSE,7,FALSE,1,Game Developer,99,82,93,83,92,90,60
192,Mike,male,FALSE,1,TRUE,26,Software Engineer,96,66,79,80,88,61,85
193,Vanessa,female,FALSE,2,FALSE,2,Game Developer,85,90,85,74,96,71,80
194,Adam,male,FALSE,5,FALSE,9,Stock Investor,91,94,82,100,68,66,69
195,Angelica,female,FALSE,2,FALSE,30,Scientist,85,64,93,80,82,70,94
196,Tiffany,female,FALSE,3,FALSE,24,Stock Investor,94,73,61,68,65,85,67
197,Mark,male,FALSE,4,FALSE,21,Software Engineer,95,69,62,87,84,83,64
198,Erica,female,FALSE,2,FALSE,14,Teacher,69,90,83,70,83,91,67
199,Karen,female,FALSE,1,FALSE,24,Software Engineer,95,72,94,96,91,61,94
200,Kathryn,female,FALSE,3,FALSE,34,Lawyer,94,88,65,88,60,81,78
201,Anthony,male,FALSE,1,TRUE,34,Accountant,82,81,100,81,60,79,96
202,Jordan,male,FALSE,6,TRUE,27,Software Engineer,99,73,91,91,93,80,100
203,Jennifer,female,FALSE,3,FALSE,16,Accountant,85,62,84,80,37,80,71
204,Christina,female,FALSE,1,TRUE,21,Accountant,100,87,60,92,46,67,96
205,April,female,FALSE,1,FALSE,1,Artist,98,95,90,81,82,86,98
206,Maxwell,male,FALSE,3,FALSE,17,Software Engineer,97,78,81,67,90,95,79
207,Matthew,male,FALSE,5,FALSE,0,Unknown,99,86,68,94,97,77,92
208,Robert,male,FALSE,3,TRUE,12,Accountant,99,73,77,74,62,68,99
209,Amanda,female,FALSE,2,FALSE,22,Banker,75,83,70,71,86,95,76
210,Michele,female,FALSE,1,TRUE,14,Teacher,63,80,99,78,60,84,86
211,Tim,male,FALSE,0,FALSE,41,Doctor,96,88,90,100,94,87,96
212,Joe,male,FALSE,4,FALSE,32,Construction Engineer,91,73,86,73,84,60,71
213,Trevor,male,TRUE,1,FALSE,4,Business Owner,52,58,60,97,93,89,68
214,Melissa,female,FALSE,1,FALSE,22,Doctor,99,71,80,82,95,64,64
215,Tammy,female,FALSE,3,FALSE,17,Banker,84,62,92,74,73,98,91
216,Chad,male,FALSE,2,FALSE,2,Artist,100,90,82,79,94,83,78
217,Samantha,female,FALSE,4,FALSE,33,Banker,82,71,93,90,90,76,97
218,Marie,female,FALSE,5,FALSE,29,Banker,75,88,65,80,76,94,97
219,Theresa,female,TRUE,1,FALSE,27,Unknown,66,71,94,72,96,70,63
220,Joseph,male,FALSE,6,TRUE,34,Banker,99,88,72,76,68,92,72
221,Charles,male,FALSE,3,FALSE,2,Real Estate Developer,99,76,94,88,75,66,84
222,Rachel,female,FALSE,3,FALSE,22,Software Engineer,95,87,79,95,84,90,74
223,Charles,male,FALSE,7,FALSE,33,Software Engineer,99,61,75,68,66,90,99
224,Steven,male,FALSE,5,FALSE,17,Designer,65,72,96,69,78,93,72
225,Robert,male,FALSE,7,FALSE,4,Business Owner,85,55,74,71,66,50,99
226,Vanessa,female,FALSE,7,TRUE,3,Business Owner,69,78,57,72,71,96,87
227,Emily,female,FALSE,7,FALSE,3,Business Owner,75,76,88,65,97,83,85
228,Angela,female,FALSE,7,TRUE,17,Software Engineer,91,78,72,69,77,91,96
229,Roberto,male,FALSE,3,FALSE,6,Real Estate Developer,92,95,61,98,89,85,80
230,Christopher,male,FALSE,7,FALSE,9,Unknown,62,64,65,86,67,94,68
231,William,male,TRUE,2,FALSE,35,Software Engineer,87,91,98,94,100,87,89
232,Lisa,female,FALSE,3,FALSE,17,Software Engineer,97,88,87,61,86,92,94
233,Catherine,female,FALSE,1,FALSE,7,Government Officer,97,92,79,88,92,99,85
234,Keith,male,FALSE,5,FALSE,16,Designer,98,88,92,84,90,90,71
235,Linda,female,FALSE,1,FALSE,20,Software Engineer,96,67,88,95,82,75,84
236,Michael,male,TRUE,7,FALSE,0,Business Owner,98,89,81,56,72,74,94
237,Kyle,male,FALSE,2,FALSE,27,Lawyer,87,82,95,81,85,84,73
238,Christopher,male,FALSE,0,FALSE,24,Construction Engineer,96,80,86,94,63,72,75
239,John,male,FALSE,2,FALSE,30,Unknown,82,74,77,95,81,76,91
240,David,male,FALSE,6,FALSE,20,Software Engineer,100,72,99,64,70,93,67
241,Peter,male,FALSE,0,FALSE,27,Software Engineer,91,81,91,76,100,92,87
242,Douglas,male,FALSE,6,FALSE,2,Business Owner,87,62,85,64,63,61,85
243,Heidi,female,FALSE,6,FALSE,16,Banker,75,95,84,87,78,82,86
244,Jeremy,male,TRUE,1,FALSE,27,Banker,86,78,61,71,94,92,65
245,Dustin,male,FALSE,4,TRUE,24,Accountant,94,62,97,96,74,68,69
246,Christopher,male,FALSE,4,FALSE,23,Accountant,99,64,92,78,30,78,88
247,Willie,male,FALSE,1,FALSE,15,Government Officer,84,91,94,66,78,71,93
248,Robert,male,FALSE,3,FALSE,25,Stock Investor,92,81,68,96,99,92,79
249,Stacy,female,FALSE,2,FALSE,32,Software Engineer,95,84,95,72,62,80,83
250,Robert,male,FALSE,3,FALSE,35,Lawyer,90,88,94,99,92,87,97
251,Holly,female,FALSE,3,FALSE,3,Artist,93,100,87,66,85,96,87
252,Debra,female,FALSE,1,FALSE,28,Designer,69,63,88,73,83,74,94
253,Vincent,male,FALSE,1,FALSE,3,Game Developer,97,80,80,65,91,67,84
254,Karen,female,FALSE,0,FALSE,21,Accountant,76,72,80,92,41,90,78
255,Nathan,male,FALSE,3,FALSE,35,Unknown,85,85,92,86,99,86,93
256,Andrea,female,FALSE,7,TRUE,35,Software Engineer,91,87,89,97,93,87,100
257,Tracey,female,FALSE,7,TRUE,14,Accountant,82,95,92,62,73,75,93
258,Tammy,female,TRUE,7,FALSE,1,Business Owner,59,56,87,97,62,74,61
259,Sheila,female,FALSE,9,TRUE,0,Business Owner,78,71,73,51,80,84,65
260,Nathan,male,FALSE,2,FALSE,12,Construction Engineer,89,65,82,65,76,95,62
261,Sarah,female,FALSE,3,FALSE,35,Software Engineer,86,91,92,96,90,96,90
262,Christopher,male,FALSE,4,FALSE,2,Artist,76,93,65,95,76,88,88
263,Nicholas,male,TRUE,2,FALSE,16,Unknown,79,68,63,72,81,67,67
264,Jessica,female,FALSE,3,FALSE,31,Lawyer,91,96,77,76,80,97,80
265,James,male,FALSE,5,FALSE,4,Business Owner,89,66,80,77,60,88,74
266,Adam,male,FALSE,3,FALSE,19,Unknown,97,94,81,97,79,86,63
267,Patricia,female,FALSE,3,TRUE,15,Banker,100,86,74,96,80,99,76
268,Whitney,female,FALSE,1,FALSE,30,Doctor,96,68,87,96,91,68,65
269,Rachel,female,FALSE,7,FALSE,17,Banker,94,64,100,71,84,92,99
270,Melissa,female,FALSE,2,FALSE,23,Software Engineer,98,68,80,75,80,81,60
271,Jacob,male,FALSE,1,FALSE,3,Business Owner,53,71,98,95,94,71,77
272,Melissa,female,FALSE,7,FALSE,4,Business Owner,44,64,58,66,87,62,68
273,Kevin,male,FALSE,0,FALSE,25,Unknown,85,70,73,95,100,70,94
274,Anthony,male,TRUE,10,FALSE,1,Business Owner,51,91,67,79,58,52,75
275,Randy,male,FALSE,1,FALSE,24,Lawyer,90,89,82,74,67,92,82
276,Patrick,male,FALSE,1,FALSE,15,Software Engineer,100,92,90,66,73,68,70
277,Kim,female,TRUE,7,FALSE,1,Business Owner,95,73,61,91,84,92,94
278,Robert,male,FALSE,1,TRUE,33,Lawyer,76,81,96,74,75,80,98
279,Victoria,female,FALSE,1,FALSE,11,Designer,71,98,96,60,90,79,72
280,Ricardo,male,FALSE,3,FALSE,10,Banker,95,60,87,71,91,84,98
281,Brandi,female,FALSE,7,TRUE,15,Software Engineer,92,88,76,93,69,75,97
282,Jorge,male,FALSE,5,FALSE,34,Scientist,82,95,96,100,89,64,91
283,Benjamin,male,FALSE,3,FALSE,30,Lawyer,85,94,83,76,77,81,92
284,Nancy,female,TRUE,4,TRUE,4,Artist,82,85,75,92,76,95,85
285,Catherine,female,FALSE,2,FALSE,28,Stock Investor,98,77,94,63,69,88,100
286,Jacob,male,FALSE,5,TRUE,29,Doctor,93,96,94,84,91,67,68
287,Penny,female,FALSE,7,TRUE,30,Lawyer,84,97,60,100,83,88,94
288,Anthony,male,FALSE,4,FALSE,31,Unknown,81,95,76,60,61,98,77
289,Angela,female,FALSE,8,FALSE,1,Business Owner,62,64,84,67,78,51,62
290,Lisa,female,FALSE,6,FALSE,16,Software Engineer,92,70,60,94,87,90,86
291,Robin,female,FALSE,2,TRUE,18,Teacher,64,93,61,61,74,94,64
292,Cynthia,female,TRUE,1,FALSE,4,Game Developer,89,67,97,67,75,94,93
293,Pamela,female,FALSE,8,FALSE,32,Accountant,99,88,84,87,36,96,86
294,Brenda,female,FALSE,2,FALSE,12,Banker,95,82,93,99,66,93,86
295,Laura,female,TRUE,6,FALSE,5,Designer,72,92,67,100,70,94,81
296,Julie,female,FALSE,2,TRUE,15,Government Officer,68,89,68,90,68,99,74
297,Barbara,female,FALSE,3,FALSE,31,Accountant,92,69,78,68,70,80,73
298,Tracy,male,FALSE,2,FALSE,2,Game Developer,97,74,97,60,65,90,97
299,Sarah,female,FALSE,1,FALSE,2,Unknown,81,92,94,77,84,63,64
300,Joseph,male,FALSE,3,FALSE,20,Software Engineer,88,60,81,85,87,90,76
301,Terry,male,FALSE,1,TRUE,11,Stock Investor,76,82,70,72,78,60,81
302,Heather,female,FALSE,10,FALSE,26,Banker,77,62,97,82,74,98,95
303,Wanda,female,FALSE,3,FALSE,22,Accountant,89,81,99,71,67,74,89
304,Amanda,female,FALSE,1,TRUE,12,Government Officer,65,69,66,65,90,76,60
305,Gina,female,TRUE,10,FALSE,4,Business Owner,82,55,76,63,70,61,60
306,Sabrina,female,FALSE,3,FALSE,34,Banker,77,60,61,91,62,78,91
307,Lauren,female,FALSE,0,FALSE,9,Teacher,66,70,88,70,62,70,75
308,Jessica,female,FALSE,5,FALSE,43,Doctor,90,96,100,87,100,90,89
309,Ashley,female,FALSE,2,FALSE,1,Real Estate Developer,73,87,90,96,61,61,76
310,Miranda,female,FALSE,2,FALSE,19,Software Engineer,89,64,74,97,95,77,88
311,Tracy,female,TRUE,4,FALSE,2,Business Owner,72,55,54,62,75,79,96
312,Erik,male,FALSE,1,FALSE,34,Scientist,87,90,89,88,93,87,70
313,Tiffany,female,FALSE,4,TRUE,31,Scientist,75,98,96,85,81,69,90
314,Brandy,female,FALSE,4,FALSE,11,Teacher,80,85,98,99,92,70,96
315,Joel,male,FALSE,2,FALSE,35,Unknown,85,87,87,90,91,91,99
316,John,male,FALSE,4,FALSE,20,Software Engineer,92,93,74,76,79,65,74
317,Nancy,female,TRUE,0,FALSE,22,Unknown,63,60,92,88,90,68,100
318,Jody,female,FALSE,3,FALSE,2,Game Developer,99,99,87,80,89,78,87
319,Steven,male,FALSE,7,FALSE,1,Business Owner,87,88,51,96,77,71,61
320,Taylor,female,FALSE,4,FALSE,34,Software Engineer,87,84,62,76,89,83,93
321,David,male,TRUE,6,FALSE,17,Software Engineer,90,75,71,64,97,89,88
322,Kevin,male,FALSE,6,FALSE,34,Doctor,94,83,99,100,94,91,69
323,Andrea,female,TRUE,5,FALSE,25,Unknown,86,76,81,83,81,70,65
324,David,male,FALSE,3,FALSE,8,Unknown,96,81,95,78,79,65,86
325,Anthony,male,FALSE,3,FALSE,4,Unknown,75,69,85,73,79,93,74
326,Laura,female,FALSE,1,TRUE,26,Lawyer,74,92,81,79,74,85,86
327,Steven,male,FALSE,1,FALSE,13,Writer,96,91,96,69,70,99,70
328,Miranda,female,FALSE,1,TRUE,4,Government Officer,79,77,62,98,76,99,82
329,Matthew,male,FALSE,2,FALSE,27,Lawyer,70,88,60,68,66,82,60
330,Kenneth,male,FALSE,5,FALSE,32,Unknown,79,91,62,87,80,65,94
331,Sydney,female,FALSE,1,FALSE,25,Software Engineer,91,65,86,66,88,85,60
332,Carla,female,FALSE,1,FALSE,13,Designer,90,72,78,61,78,88,74
333,Jeffrey,male,FALSE,1,FALSE,31,Construction Engineer,87,100,86,60,80,78,96
334,Angela,female,FALSE,3,FALSE,8,Teacher,69,99,78,85,98,86,73
335,Brandon,male,TRUE,9,FALSE,0,Business Owner,66,99,50,62,97,60,84
336,Kenneth,male,FALSE,7,FALSE,6,Government Officer,65,95,78,65,74,69,63
337,Scott,male,FALSE,2,FALSE,7,Government Officer,83,81,88,82,97,83,74
338,Cody,male,FALSE,1,FALSE,32,Lawyer,100,89,95,63,67,92,75
339,Allen,male,FALSE,5,TRUE,30,Software Engineer,85,70,78,66,69,62,100
340,James,male,FALSE,9,FALSE,4,Business Owner,45,98,95,66,84,83,100
341,Laura,female,FALSE,5,FALSE,15,Government Officer,73,75,94,82,71,90,75
342,Donald,male,FALSE,2,FALSE,2,Game Developer,95,83,96,97,72,77,61
343,Wayne,male,FALSE,8,TRUE,32,Lawyer,96,95,61,72,71,83,96
344,Robert,male,FALSE,2,FALSE,24,Construction Engineer,94,72,96,93,93,79,64
345,Melissa,female,FALSE,1,FALSE,18,Teacher,92,69,69,60,90,88,95
346,David,male,TRUE,10,FALSE,5,Business Owner,56,52,76,95,54,59,85
347,Dawn,female,TRUE,3,FALSE,24,Banker,85,74,65,76,100,95,68
348,Ricky,male,FALSE,1,FALSE,16,Designer,65,90,68,99,74,82,86
349,Henry,male,FALSE,1,FALSE,15,Writer,64,81,95,87,86,91,80
350,Christopher,male,FALSE,3,FALSE,26,Software Engineer,100,88,94,67,62,66,96
351,Aimee,female,FALSE,3,FALSE,15,Teacher,76,64,64,60,75,92,61
352,Tammy,female,FALSE,1,FALSE,5,Game Developer,97,76,91,76,89,60,85
353,Ryan,male,FALSE,1,TRUE,14,Unknown,95,98,98,83,77,93,83
354,Samuel,male,FALSE,4,FALSE,1,Game Developer,85,64,90,94,68,97,61
355,Joshua,male,FALSE,5,FALSE,10,Construction Engineer,86,91,96,60,91,73,88
356,Sydney,female,FALSE,6,FALSE,5,Business Owner,100,58,58,100,60,52,82
357,Christopher,male,FALSE,2,FALSE,26,Unknown,65,77,66,100,88,77,62
358,Brenda,female,FALSE,2,TRUE,26,Lawyer,71,81,99,74,74,82,67
359,Diana,female,FALSE,2,FALSE,14,Government Officer,80,94,97,83,84,77,79
360,Gary,male,FALSE,7,TRUE,21,Construction Engineer,91,76,96,77,99,64,83
361,Kimberly,female,FALSE,2,FALSE,32,Software Engineer,91,87,88,82,95,70,87
362,Jeffrey,male,FALSE,0,FALSE,30,Software Engineer,100,86,81,100,66,98,97
363,Nicole,female,FALSE,3,FALSE,13,Teacher,92,79,71,65,99,91,98
364,Kristin,female,FALSE,7,FALSE,33,Banker,89,76,95,83,84,96,61
365,Emily,female,FALSE,3,FALSE,15,Accountant,93,92,92,76,49,93,75
366,Francis,male,FALSE,10,FALSE,33,Unknown,81,64,67,74,65,94,96
367,Tracy,male,FALSE,2,FALSE,11,Designer,70,73,70,67,96,86,89
368,Sheila,female,FALSE,2,FALSE,30,Unknown,61,70,89,97,60,79,79
369,Ashley,female,FALSE,7,FALSE,2,Business Owner,62,53,78,77,59,95,80
370,Matthew,male,FALSE,3,FALSE,4,Stock Investor,83,61,79,99,66,60,76
371,Timothy,male,FALSE,3,FALSE,32,Software Engineer,85,96,87,63,69,69,81
372,Christine,female,TRUE,7,FALSE,0,Business Owner,83,55,87,74,73,77,61
373,Julie,female,FALSE,2,FALSE,4,Business Owner,73,95,54,94,99,58,94
374,William,male,TRUE,10,TRUE,0,Business Owner,61,65,73,78,77,97,96
375,Kristen,female,FALSE,5,TRUE,21,Unknown,77,72,81,63,69,73,80
376,Chelsea,female,FALSE,2,FALSE,29,Writer,77,87,65,91,71,90,90
377,Patrick,male,FALSE,3,FALSE,32,Unknown,99,94,94,62,68,79,68
378,Carla,female,FALSE,7,FALSE,14,Unknown,73,69,94,78,76,63,71
379,Casey,male,FALSE,1,FALSE,25,Lawyer,95,89,96,89,60,99,93
380,Eric,male,FALSE,7,TRUE,4,Unknown,94,79,92,100,93,63,98
381,Tabitha,female,FALSE,2,TRUE,32,Stock Investor,75,83,85,65,76,94,60
382,Lance,male,FALSE,2,FALSE,7,Unknown,66,83,77,91,84,74,62
383,Melissa,female,TRUE,1,FALSE,22,Software Engineer,91,79,89,74,79,74,61
384,James,male,FALSE,5,FALSE,3,Unknown,81,61,75,65,90,92,80
385,Joseph,male,TRUE,8,FALSE,1,Business Owner,71,69,69,67,70,78,66
386,Gene,male,FALSE,4,TRUE,23,Writer,77,94,97,77,63,98,98
387,Patricia,female,FALSE,0,FALSE,42,Doctor,91,87,93,85,98,85,95
388,John,male,FALSE,1,FALSE,30,Scientist,83,98,100,93,100,77,76
389,Sara,female,FALSE,1,FALSE,1,Business Owner,75,51,70,84,66,64,88
390,Jamie,female,TRUE,3,TRUE,17,Software Engineer,86,96,68,71,86,94,89
391,Steven,male,FALSE,2,FALSE,48,Doctor,86,88,89,89,98,89,96
392,Nicholas,male,FALSE,4,TRUE,24,Software Engineer,85,67,60,82,77,72,72
393,Cheryl,female,FALSE,6,FALSE,31,Writer,62,81,80,88,78,94,85
394,Marc,male,TRUE,7,FALSE,0,Business Owner,100,65,67,61,76,58,84
395,Timothy,male,FALSE,9,FALSE,2,Business Owner,79,86,97,60,66,74,96
396,Courtney,female,FALSE,1,FALSE,24,Lawyer,99,97,68,85,86,85,73
397,Samantha,female,FALSE,7,FALSE,2,Business Owner,46,65,97,100,56,73,95
398,Francisco,male,FALSE,0,FALSE,32,Software Engineer,85,97,88,61,80,80,84
399,Denise,female,FALSE,2,FALSE,4,Government Officer,85,68,89,64,79,66,66
400,Darrell,male,FALSE,4,FALSE,32,Software Engineer,85,87,91,63,95,88,62
401,Andrew,male,FALSE,3,FALSE,16,Stock Investor,99,86,90,100,96,77,60
402,Teresa,female,FALSE,1,FALSE,20,Banker,84,92,63,91,89,92,76
403,Cory,male,FALSE,4,FALSE,28,Construction Engineer,85,72,87,72,68,85,78
404,Douglas,male,FALSE,7,FALSE,30,Software Engineer,100,79,92,92,67,68,72
405,Deborah,female,FALSE,3,FALSE,17,Banker,86,61,68,91,60,86,62
406,Autumn,female,FALSE,5,FALSE,25,Unknown,79,70,71,95,79,77,68
407,Paul,male,FALSE,5,FALSE,18,Accountant,76,82,76,71,70,89,76
408,Matthew,male,TRUE,1,FALSE,23,Software Engineer,96,63,69,67,69,92,77
409,Evan,male,FALSE,4,TRUE,23,Software Engineer,100,77,75,74,80,94,74
410,Cynthia,female,FALSE,6,FALSE,21,Software Engineer,88,84,87,97,94,87,85
411,Sandra,female,FALSE,3,FALSE,27,Software Engineer,96,76,98,89,93,85,75
412,Claudia,female,FALSE,5,FALSE,14,Software Engineer,92,66,96,71,87,89,61
413,Christopher,male,FALSE,2,TRUE,37,Doctor,87,93,99,100,97,92,90
414,David,male,FALSE,3,FALSE,29,Accountant,95,82,74,87,36,61,88
415,Joel,male,TRUE,6,FALSE,4,Business Owner,44,76,56,71,66,54,91
416,Rhonda,female,FALSE,3,FALSE,16,Banker,78,89,68,63,81,92,97
417,Melissa,female,FALSE,4,FALSE,30,Accountant,95,78,93,85,48,68,75
418,Matthew,male,TRUE,7,FALSE,1,Business Owner,57,56,53,75,98,92,73
419,Austin,male,FALSE,3,TRUE,24,Software Engineer,86,99,95,94,92,90,77
420,Jennifer,female,FALSE,2,FALSE,35,Writer,92,97,100,91,95,90,95
421,Patricia,female,FALSE,1,FALSE,14,Teacher,69,69,84,100,69,77,87
422,Sandra,female,FALSE,1,FALSE,3,Designer,91,62,75,60,82,91,96
423,Jasmine,female,FALSE,4,FALSE,15,Accountant,79,79,97,78,31,99,84
424,Jeffrey,male,FALSE,5,FALSE,23,Software Engineer,93,96,80,64,91,68,71
425,Jason,male,FALSE,6,FALSE,19,Unknown,90,79,90,73,76,68,95
426,Christopher,male,FALSE,3,FALSE,33,Doctor,99,68,100,95,95,88,83
427,Monique,female,FALSE,0,FALSE,14,Banker,90,69,81,92,65,89,69
428,Jill,female,FALSE,1,TRUE,0,Artist,71,84,66,75,93,84,69
429,Jennifer,female,FALSE,1,FALSE,34,Lawyer,98,93,67,74,81,87,76
430,David,male,FALSE,5,FALSE,33,Scientist,94,99,83,94,93,95,93
431,Cheryl,female,FALSE,7,FALSE,7,Stock Investor,92,89,79,76,86,61,81
432,Nathan,male,FALSE,2,FALSE,18,Software Engineer,100,96,74,61,87,94,60
433,Patrick,male,FALSE,9,FALSE,4,Business Owner,48,55,86,51,54,94,61
434,Christian,male,FALSE,6,FALSE,10,Real Estate Developer,63,87,71,68,66,67,99
435,Clinton,male,TRUE,2,FALSE,22,Software Engineer,89,83,89,91,94,93,69
436,Adriana,female,FALSE,5,FALSE,28,Stock Investor,88,90,93,81,88,90,74
437,Jeremy,male,FALSE,2,FALSE,2,Real Estate Developer,98,87,67,97,62,60,79
438,Caitlin,female,FALSE,1,FALSE,0,Business Owner,92,86,88,75,60,50,79
439,Andrew,male,FALSE,3,FALSE,24,Doctor,80,60,100,99,98,75,94
440,Rodney,male,FALSE,2,FALSE,15,Construction Engineer,92,63,91,65,69,94,98
441,Megan,female,TRUE,2,FALSE,1,Artist,82,95,68,64,97,99,60
442,Mathew,male,FALSE,1,FALSE,8,Stock Investor,84,74,74,75,99,99,85
443,Tammie,female,FALSE,7,FALSE,9,Teacher,61,70,65,67,93,81,63
444,James,male,FALSE,4,FALSE,33,Software Engineer,99,87,98,76,65,94,67
445,Michelle,female,FALSE,3,FALSE,32,Accountant,83,69,90,78,39,95,82
446,Rhonda,female,TRUE,9,FALSE,4,Business Owner,56,90,95,59,91,77,99
447,Matthew,male,FALSE,2,FALSE,2,Business Owner,65,64,52,56,63,82,83
448,Joseph,male,FALSE,3,FALSE,20,Designer,94,61,77,73,79,65,89
449,Jessica,female,FALSE,1,FALSE,21,Software Engineer,90,96,73,89,93,87,96
450,Susan,female,FALSE,3,FALSE,29,Lawyer,94,82,81,90,76,97,86
451,Lori,female,FALSE,3,FALSE,13,Unknown,89,87,63,83,64,85,72
452,Ryan,male,FALSE,1,FALSE,24,Accountant,89,67,68,93,98,75,88
453,Nicholas,male,FALSE,7,FALSE,30,Doctor,88,98,87,85,96,77,96
454,Joseph,male,FALSE,1,FALSE,25,Stock Investor,76,94,90,75,92,86,87
455,Daniel,male,FALSE,1,FALSE,1,Designer,88,78,84,96,92,99,97
456,Harold,male,FALSE,4,FALSE,27,Software Engineer,88,76,80,72,100,69,71
457,Lance,male,FALSE,0,TRUE,4,Real Estate Developer,54,88,82,89,72,60,69
458,Jill,female,FALSE,2,TRUE,32,Banker,87,87,76,67,68,89,77
459,Crystal,female,FALSE,1,FALSE,1,Artist,95,73,79,81,82,69,100
460,Susan,female,FALSE,2,FALSE,32,Designer,72,72,68,81,95,90,99
461,Brenda,female,FALSE,1,TRUE,4,Real Estate Developer,95,76,70,89,88,87,62
462,Samuel,male,FALSE,4,FALSE,28,Software Engineer,91,97,86,77,83,79,62
463,Taylor,female,FALSE,3,TRUE,32,Lawyer,79,81,63,79,96,96,89
464,Kimberly,female,FALSE,1,FALSE,33,Doctor,80,71,94,92,92,60,78
465,Brad,male,TRUE,2,FALSE,4,Business Owner,86,90,88,73,50,93,71
466,Clayton,male,FALSE,1,FALSE,31,Software Engineer,88,88,90,67,77,83,64
467,Richard,male,FALSE,5,FALSE,17,Construction Engineer,83,95,86,80,64,66,97
468,Antonio,male,FALSE,2,FALSE,23,Doctor,84,84,80,97,87,97,91
469,Margaret,female,FALSE,0,FALSE,29,Software Engineer,85,82,81,85,72,90,71
470,Michael,male,FALSE,2,FALSE,19,Software Engineer,91,85,96,83,74,87,74
471,Allen,male,TRUE,4,TRUE,26,Banker,83,71,94,60,63,93,67
472,Stephanie,female,FALSE,7,FALSE,7,Real Estate Developer,97,93,99,98,96,79,88
473,Sharon,female,FALSE,6,FALSE,4,Real Estate Developer,63,68,92,73,66,69,87
474,Marco,male,FALSE,6,FALSE,22,Doctor,92,98,90,82,86,86,89
475,Victor,male,TRUE,6,TRUE,4,Business Owner,78,78,64,94,79,92,63
476,Christina,female,FALSE,3,FALSE,29,Lawyer,78,90,69,100,90,91,90
477,Jerry,male,FALSE,8,TRUE,21,Stock Investor,89,60,93,79,72,76,85
478,Madison,female,FALSE,3,FALSE,5,Real Estate Developer,53,87,100,84,63,62,95
479,Douglas,male,FALSE,5,FALSE,15,Unknown,63,84,60,85,91,83,84
480,Manuel,male,FALSE,3,TRUE,10,Unknown,100,98,71,100,71,92,63
481,Janet,female,TRUE,7,FALSE,2,Business Owner,79,54,81,87,67,74,85
482,Teresa,female,FALSE,4,TRUE,0,Real Estate Developer,93,77,71,62,94,69,72
483,Anthony,male,FALSE,5,TRUE,3,Artist,97,88,67,72,83,87,62
484,Julie,female,FALSE,6,TRUE,1,Unknown,76,82,93,98,98,60,65
485,Maria,female,FALSE,3,TRUE,26,Accountant,84,83,80,91,88,61,61
486,Selena,female,TRUE,5,FALSE,2,Business Owner,56,96,65,61,78,77,95
487,Whitney,female,FALSE,3,FALSE,21,Unknown,97,89,94,91,95,70,75
488,Brenda,female,FALSE,10,FALSE,5,Business Owner,67,60,97,53,93,78,81
489,Angela,female,TRUE,10,FALSE,5,Business Owner,97,93,64,74,94,74,76
490,Erica,female,FALSE,5,FALSE,0,Business Owner,100,67,50,78,73,90,91
491,Kelly,female,FALSE,5,TRUE,10,Teacher,83,61,76,75,62,79,94
492,Michael,male,FALSE,5,FALSE,2,Artist,85,63,83,83,69,94,80
493,Tammy,female,FALSE,5,TRUE,24,Banker,100,96,97,64,76,77,61
494,Steven,male,FALSE,4,FALSE,46,Doctor,92,98,99,86,100,86,87
495,Matthew,male,FALSE,3,FALSE,31,Writer,88,98,65,68,99,94,79
496,Stephen,male,FALSE,1,FALSE,33,Lawyer,95,82,62,76,64,91,79
497,Victoria,female,FALSE,5,FALSE,26,Stock Investor,76,81,84,80,80,84,70
498,Thomas,male,FALSE,2,FALSE,19,Accountant,79,93,72,97,69,78,87
499,Mark,male,FALSE,3,FALSE,25,Software Engineer,93,70,84,68,71,85,70
500,Katelyn,female,FALSE,3,FALSE,24,Accountant,79,96,78,90,94,76,88
501,Corey,male,FALSE,1,FALSE,21,Stock Investor,98,99,72,100,94,77,84
502,Susan,female,TRUE,8,TRUE,0,Business Owner,93,99,81,67,87,76,60
503,John,male,FALSE,4,FALSE,30,Banker,91,79,78,95,86,89,100
504,Kendra,female,FALSE,4,FALSE,32,Software Engineer,86,99,77,61,72,92,70
505,Tamara,female,FALSE,8,FALSE,15,Unknown,81,80,85,93,68,75,90
506,Sara,female,FALSE,6,FALSE,15,Government Officer,97,94,94,83,91,65,96
507,Morgan,female,FALSE,3,TRUE,4,Game Developer,90,95,89,93,92,99,88
508,Eric,male,FALSE,1,TRUE,27,Software Engineer,90,91,62,82,76,70,64
509,Paul,male,FALSE,5,FALSE,33,Construction Engineer,82,92,95,61,84,81,82
510,Dale,male,FALSE,7,FALSE,25,Software Engineer,91,94,89,74,60,77,77
511,Sandra,female,FALSE,0,FALSE,29,Lawyer,70,94,67,74,84,95,65
512,Dawn,female,FALSE,2,FALSE,13,Unknown,60,75,70,96,63,82,80
513,Emily,female,FALSE,3,FALSE,49,Doctor,85,96,99,94,95,92,95
514,John,male,FALSE,6,FALSE,34,Lawyer,82,85,72,69,63,99,68
515,Andrew,male,TRUE,4,FALSE,28,Construction Engineer,83,79,92,69,85,71,95
516,Holly,female,FALSE,2,FALSE,44,Doctor,96,88,100,95,85,94,93
517,Alicia,female,FALSE,1,FALSE,14,Software Engineer,85,87,78,72,91,88,93
518,Erin,female,FALSE,4,FALSE,1,Real Estate Developer,95,61,84,98,63,66,80
519,Todd,male,FALSE,6,FALSE,22,Software Engineer,97,92,87,61,75,62,94
520,Melinda,female,FALSE,2,FALSE,11,Teacher,95,69,91,97,89,84,66
521,Cynthia,female,FALSE,3,FALSE,2,Unknown,69,98,77,63,88,64,60
522,Jenny,female,FALSE,9,FALSE,3,Business Owner,84,55,65,62,56,91,81
523,Angela,female,FALSE,5,FALSE,28,Banker,92,100,100,98,83,75,72
524,William,male,TRUE,2,FALSE,0,Business Owner,87,95,78,82,53,59,66
525,Michael,male,FALSE,5,FALSE,22,Banker,97,87,90,70,96,75,93
526,Erin,female,TRUE,8,FALSE,3,Business Owner,92,96,77,95,63,57,90
527,Robert,male,FALSE,2,FALSE,25,Unknown,72,91,68,79,98,71,89
528,Deborah,female,FALSE,3,TRUE,1,Business Owner,50,55,96,72,55,50,64
529,Diana,female,FALSE,7,FALSE,37,Doctor,97,96,93,94,91,96,87
530,Meredith,female,FALSE,3,TRUE,28,Software Engineer,89,77,69,72,63,84,99
531,Christina,female,FALSE,3,FALSE,30,Scientist,77,76,90,95,94,99,94
532,Daniel,male,FALSE,1,FALSE,19,Stock Investor,91,89,66,69,100,88,79
533,Bradley,male,TRUE,7,FALSE,2,Business Owner,64,92,70,81,85,55,76
534,Phyllis,female,TRUE,4,FALSE,26,Unknown,71,87,63,73,89,77,66
535,Thomas,male,FALSE,10,TRUE,0,Business Owner,56,79,74,66,92,57,61
536,Gregory,male,FALSE,4,FALSE,5,Game Developer,87,70,98,64,65,78,83
537,Michelle,female,FALSE,0,FALSE,17,Software Engineer,99,69,85,91,77,88,75
538,Christopher,male,FALSE,2,FALSE,26,Lawyer,98,88,76,72,92,81,89
539,Mark,male,FALSE,2,FALSE,32,Unknown,87,83,74,61,81,72,98
540,Lauren,female,FALSE,6,TRUE,16,Software Engineer,88,96,90,92,68,97,73
541,Michelle,female,TRUE,8,FALSE,2,Business Owner,71,52,53,64,89,76,70
542,Scott,male,FALSE,2,FALSE,35,Construction Engineer,96,90,91,95,99,95,99
543,Monica,female,FALSE,0,FALSE,17,Accountant,81,95,99,65,56,79,98
544,Kathryn,female,FALSE,9,FALSE,3,Business Owner,94,92,63,84,79,66,96
545,Christina,female,TRUE,3,FALSE,47,Doctor,94,87,98,90,92,88,100
546,Andrew,male,FALSE,0,FALSE,29,Lawyer,98,87,75,63,85,88,75
547,Holly,female,FALSE,10,FALSE,5,Business Owner,100,58,54,97,58,51,80
548,Christopher,male,FALSE,3,TRUE,12,Designer,66,89,65,99,84,84,86
549,Eric,male,FALSE,2,FALSE,35,Doctor,94,99,97,94,85,97,97
550,Kristina,female,TRUE,0,FALSE,3,Game Developer,83,90,93,89,64,63,82
551,Greg,male,TRUE,8,FALSE,2,Business Owner,92,54,50,88,90,91,95
552,Paul,male,FALSE,10,FALSE,35,Software Engineer,93,100,90,94,97,98,98
553,Alexander,male,TRUE,1,FALSE,7,Government Officer,69,92,84,98,98,83,87
554,Carla,female,FALSE,4,FALSE,15,Software Engineer,94,71,63,73,66,90,91
555,Chelsea,female,FALSE,1,FALSE,3,Stock Investor,100,92,95,90,67,81,66
556,Justin,male,FALSE,2,FALSE,35,Unknown,96,92,98,100,94,93,86
557,Charles,male,FALSE,3,TRUE,28,Lawyer,76,87,99,69,89,93,85
558,Courtney,female,FALSE,9,FALSE,4,Business Owner,77,62,94,65,77,77,95
559,Justin,male,FALSE,1,TRUE,4,Artist,84,67,79,60,69,80,98
560,Bruce,male,FALSE,3,TRUE,16,Software Engineer,95,61,68,75,64,76,66
561,Christopher,male,FALSE,1,FALSE,26,Accountant,90,64,94,84,66,61,72
562,Theodore,male,FALSE,3,FALSE,30,Unknown,96,89,73,75,99,89,71
563,Jennifer,female,TRUE,6,FALSE,2,Business Owner,80,81,92,73,71,71,84
564,Alexandra,female,FALSE,2,FALSE,34,Software Engineer,87,83,75,73,92,91,71
565,John,male,FALSE,10,FALSE,0,Business Owner,94,75,91,64,67,93,65
566,Sherry,female,FALSE,10,TRUE,3,Artist,87,82,88,100,73,96,75
567,Douglas,male,FALSE,2,FALSE,30,Software Engineer,95,97,88,77,96,96,74
568,Alex,male,TRUE,3,TRUE,15,Construction Engineer,85,96,82,64,82,94,81
569,Brandon,male,FALSE,8,TRUE,1,Business Owner,67,65,77,72,94,88,77
570,Wayne,male,FALSE,3,TRUE,6,Government Officer,84,100,92,82,85,70,69
571,Pamela,female,FALSE,7,TRUE,1,Game Developer,83,88,90,100,71,98,96
572,Michael,male,TRUE,9,TRUE,5,Business Owner,67,78,68,51,77,72,78
573,Carlos,male,FALSE,1,FALSE,30,Banker,75,92,72,88,92,77,84
574,Antonio,male,FALSE,3,TRUE,8,Government Officer,67,76,70,73,81,85,80
575,Terry,male,TRUE,9,FALSE,5,Business Owner,67,54,51,72,75,60,88
576,Rita,female,FALSE,1,FALSE,5,Artist,72,91,78,97,86,93,77
577,Joseph,male,FALSE,4,FALSE,4,Government Officer,78,98,76,68,86,91,82
578,Alexandra,female,FALSE,1,FALSE,47,Doctor,85,87,92,96,92,90,88
579,Tina,female,FALSE,3,TRUE,16,Stock Investor,100,70,69,61,100,65,81
580,Christopher,male,TRUE,5,FALSE,3,Business Owner,56,59,89,68,79,83,68
581,Christina,female,FALSE,5,TRUE,32,Scientist,93,75,83,99,100,91,74
582,Jessica,female,FALSE,2,FALSE,31,Banker,89,91,85,69,76,92,94
583,Tyler,male,FALSE,3,FALSE,6,Real Estate Developer,59,88,74,92,72,97,64
584,Lindsay,female,FALSE,3,FALSE,16,Unknown,99,70,74,65,99,74,62
585,Gary,male,FALSE,6,FALSE,34,Lawyer,89,89,85,74,78,87,82
586,Luke,male,FALSE,3,FALSE,26,Software Engineer,86,63,78,78,80,67,97
587,Tanya,female,FALSE,6,FALSE,21,Banker,79,65,91,65,61,88,95
588,Bryan,male,FALSE,3,FALSE,46,Doctor,96,89,91,90,90,91,99
589,Melanie,female,FALSE,6,FALSE,48,Doctor,95,90,85,90,96,89,96
590,Eric,male,TRUE,1,FALSE,46,Doctor,96,85,90,95,100,96,88
591,Meredith,female,TRUE,3,FALSE,28,Unknown,95,80,64,97,85,94,60
592,David,male,TRUE,4,FALSE,2,Unknown,80,62,84,95,71,85,87
593,William,male,TRUE,0,FALSE,32,Stock Investor,86,70,73,85,67,91,98
594,Eric,male,TRUE,10,FALSE,5,Business Owner,42,95,99,61,62,77,99
595,Wendy,female,FALSE,4,FALSE,31,Lawyer,80,93,93,94,81,81,78
596,Timothy,male,FALSE,4,TRUE,1,Artist,79,97,100,94,65,62,76
597,Victoria,female,TRUE,9,TRUE,4,Business Owner,43,63,91,67,74,71,88
598,Jeremy,male,FALSE,2,TRUE,8,Real Estate Developer,58,84,95,66,99,91,70
599,Barbara,female,FALSE,3,TRUE,23,Accountant,86,73,83,93,46,91,70
600,Lindsay,female,FALSE,1,FALSE,23,Doctor,96,91,97,84,89,82,75
601,Gary,male,FALSE,1,FALSE,28,Lawyer,91,88,98,89,75,91,92
602,Michelle,female,FALSE,1,FALSE,7,Unknown,85,62,77,62,80,88,83
603,Susan,female,FALSE,0,FALSE,5,Artist,87,91,93,92,97,95,99
604,Tammy,female,FALSE,2,FALSE,4,Unknown,60,91,85,67,98,61,64
605,Jennifer,female,FALSE,2,FALSE,26,Unknown,76,85,67,60,100,63,64
606,Kelly,female,FALSE,4,TRUE,33,Lawyer,84,89,74,79,86,93,95
607,Brittany,female,FALSE,4,TRUE,34,Lawyer,87,94,74,84,77,82,85
608,Samantha,female,TRUE,4,FALSE,16,Accountant,82,79,64,75,93,82,60
609,Christopher,male,FALSE,4,FALSE,3,Business Owner,64,61,73,70,87,75,100
610,William,male,FALSE,3,FALSE,25,Lawyer,77,80,88,84,84,92,82
611,Courtney,female,FALSE,0,FALSE,4,Stock Investor,86,82,90,69,66,93,94
612,Kevin,male,FALSE,0,FALSE,4,Real Estate Developer,81,84,76,88,84,89,87
613,Melissa,female,FALSE,3,FALSE,21,Software Engineer,91,90,92,78,67,86,71
614,Elizabeth,female,FALSE,7,FALSE,4,Business Owner,72,99,61,67,95,98,89
615,Mary,female,FALSE,3,FALSE,24,Writer,80,70,80,96,72,99,65
616,Joshua,male,FALSE,2,FALSE,16,Unknown,90,89,98,70,79,60,92
617,Joshua,male,FALSE,10,FALSE,2,Business Owner,72,51,52,98,50,90,63
618,Travis,male,FALSE,3,FALSE,35,Software Engineer,93,85,89,93,90,91,88
619,Kenneth,male,FALSE,2,FALSE,24,Doctor,95,85,90,94,91,84,85
620,Ryan,male,FALSE,2,TRUE,46,Doctor,86,93,89,90,100,86,93
621,Gina,female,FALSE,6,FALSE,1,Business Owner,89,55,89,67,55,64,70
622,David,male,FALSE,5,FALSE,26,Unknown,90,75,67,85,64,95,96
623,William,male,FALSE,1,FALSE,5,Unknown,79,95,81,67,66,71,66
624,Judy,female,TRUE,5,FALSE,17,Teacher,86,88,98,66,62,95,90
625,Logan,male,FALSE,3,FALSE,4,Artist,83,78,68,72,77,89,70
626,Kyle,male,FALSE,6,FALSE,27,Lawyer,85,92,62,95,65,89,95
627,Mark,male,FALSE,3,FALSE,0,Artist,66,78,86,87,64,65,64
628,Eugene,male,FALSE,6,TRUE,16,Accountant,93,80,60,62,43,68,67
629,Sean,male,FALSE,6,TRUE,14,Unknown,65,89,79,95,71,61,62
630,Christine,female,TRUE,2,FALSE,5,Real Estate Developer,52,66,98,83,92,82,91
631,Melinda,female,FALSE,3,TRUE,31,Banker,90,80,84,70,65,89,64
632,Elizabeth,female,FALSE,2,TRUE,4,Artist,83,89,99,100,73,86,88
633,Walter,male,FALSE,1,FALSE,5,Artist,62,89,72,68,85,80,75
634,Lisa,female,FALSE,1,FALSE,11,Writer,98,72,99,84,60,95,93
635,Douglas,male,FALSE,8,TRUE,12,Unknown,76,75,74,67,76,82,79
636,Heather,female,FALSE,0,FALSE,5,Game Developer,97,62,98,70,67,71,70
637,Melinda,female,TRUE,6,FALSE,1,Business Owner,63,60,95,99,87,58,66
638,Alexander,male,FALSE,5,FALSE,2,Artist,98,99,64,88,72,87,99
639,Maria,female,TRUE,10,FALSE,1,Business Owner,78,84,84,61,88,67,92
640,Lindsey,female,FALSE,2,TRUE,30,Stock Investor,85,77,89,77,84,71,71
641,Darryl,male,FALSE,6,FALSE,0,Business Owner,59,100,84,93,70,56,74
642,Bethany,female,FALSE,2,TRUE,6,Unknown,99,77,88,60,93,61,96
643,Tyler,male,FALSE,6,TRUE,24,Accountant,76,62,86,80,47,85,71
644,Patricia,female,FALSE,7,FALSE,26,Lawyer,80,90,85,89,85,80,68
645,Ryan,male,FALSE,7,FALSE,0,Business Owner,82,74,92,50,77,98,100
646,Levi,male,FALSE,1,FALSE,18,Software Engineer,89,64,72,61,75,68,83
647,Michael,male,FALSE,4,FALSE,20,Software Engineer,89,79,75,80,97,94,68
648,April,female,FALSE,0,FALSE,23,Software Engineer,86,89,94,95,60,90,90
649,Steven,male,TRUE,4,FALSE,4,Business Owner,65,76,92,86,93,61,97
650,Chelsea,female,FALSE,4,FALSE,30,Banker,77,95,77,84,60,90,89
651,Emily,female,FALSE,4,FALSE,34,Banker,88,85,68,62,64,99,66
652,Rachel,female,FALSE,1,FALSE,26,Accountant,98,77,94,87,44,85,61
653,Philip,male,FALSE,5,FALSE,27,Lawyer,84,86,90,80,72,99,85
654,Laura,female,FALSE,1,TRUE,18,Software Engineer,91,85,66,83,70,71,80
655,Pamela,female,FALSE,4,FALSE,39,Doctor,97,95,94,90,86,85,95
656,Nicole,female,FALSE,7,TRUE,29,Banker,77,88,63,87,71,93,84
657,Jeffery,male,FALSE,0,TRUE,27,Doctor,100,84,93,96,97,70,95
658,Christopher,male,TRUE,3,TRUE,17,Software Engineer,93,70,62,99,63,83,60
659,Tara,female,TRUE,5,TRUE,31,Banker,93,99,79,78,64,87,76
660,Lisa,female,TRUE,4,FALSE,13,Banker,94,89,74,75,73,78,61
661,Elizabeth,female,FALSE,4,TRUE,12,Banker,88,86,79,93,68,92,99
662,Samuel,male,TRUE,10,FALSE,0,Business Owner,93,95,94,70,83,86,94
663,Xavier,male,FALSE,2,TRUE,21,Construction Engineer,83,75,84,68,95,80,88
664,Lauren,female,TRUE,3,FALSE,28,Lawyer,96,93,100,96,97,81,72
665,Amanda,female,TRUE,8,FALSE,35,Accountant,87,88,93,88,96,85,94
666,Donald,male,FALSE,9,TRUE,24,Lawyer,95,82,84,69,63,85,69
667,Phillip,male,FALSE,1,FALSE,28,Accountant,87,87,86,84,66,83,81
668,John,male,FALSE,9,FALSE,0,Business Owner,43,95,64,95,66,67,74
669,Katherine,female,TRUE,6,FALSE,0,Business Owner,40,100,88,79,71,86,89
670,Jose,male,FALSE,2,FALSE,3,Real Estate Developer,64,70,98,82,100,72,78
671,Lauren,female,FALSE,3,FALSE,16,Unknown,72,79,95,68,75,70,88
672,Katie,female,FALSE,2,FALSE,26,Lawyer,77,96,86,84,90,85,91
673,Michelle,female,TRUE,10,TRUE,4,Business Owner,40,86,53,63,50,87,77
674,Jeremiah,male,FALSE,2,FALSE,24,Construction Engineer,100,89,90,96,72,90,86
675,Isaac,male,FALSE,5,TRUE,22,Software Engineer,89,93,95,88,72,76,71
676,Hannah,female,TRUE,2,FALSE,14,Software Engineer,97,74,76,72,62,69,90
677,Thomas,male,FALSE,2,FALSE,21,Unknown,100,77,74,61,81,96,96
678,William,male,FALSE,4,FALSE,29,Lawyer,81,88,85,89,81,91,98
679,Jennifer,female,FALSE,6,FALSE,3,Business Owner,100,91,53,78,55,91,74
680,Jeffrey,male,FALSE,2,FALSE,4,Designer,80,65,96,73,84,92,73
681,Zachary,male,FALSE,5,FALSE,19,Accountant,79,88,83,84,78,72,79
682,Curtis,male,FALSE,3,FALSE,33,Software Engineer,96,64,100,87,88,60,62
683,Allison,female,FALSE,1,FALSE,24,Accountant,95,81,91,62,36,79,69
684,Jeffery,male,FALSE,4,FALSE,29,Unknown,86,68,65,64,95,82,87
685,Kenneth,male,FALSE,1,TRUE,27,Lawyer,86,97,72,90,95,99,76
686,Hayley,female,FALSE,2,FALSE,20,Unknown,87,68,66,83,92,81,80
687,Vanessa,female,FALSE,0,FALSE,35,Accountant,94,87,100,90,86,86,90
688,Tara,female,FALSE,0,FALSE,29,Doctor,88,71,87,85,100,78,78
689,Aaron,male,FALSE,2,TRUE,0,Artist,88,69,76,64,90,78,80
690,Phillip,male,FALSE,3,FALSE,10,Unknown,76,61,68,88,86,87,66
691,Michael,male,FALSE,1,TRUE,29,Construction Engineer,84,66,99,80,71,88,89
692,Alex,male,FALSE,0,TRUE,17,Software Engineer,96,77,91,85,69,91,91
693,Ross,male,TRUE,10,FALSE,1,Business Owner,57,75,64,85,53,95,81
694,Lisa,female,FALSE,1,FALSE,14,Teacher,93,79,82,67,64,90,65
695,Richard,male,FALSE,1,FALSE,24,Unknown,88,84,61,61,79,62,99
696,Jackson,male,FALSE,2,FALSE,35,Construction Engineer,89,99,86,97,98,97,93
697,Michael,male,FALSE,3,FALSE,19,Construction Engineer,80,88,94,94,100,99,99
698,Daniel,male,FALSE,6,FALSE,23,Banker,94,92,61,87,61,94,69
699,James,male,FALSE,9,FALSE,14,Construction Engineer,99,74,98,69,69,64,96
700,Dennis,male,FALSE,2,FALSE,21,Banker,81,72,87,62,69,93,72
701,Gregory,male,FALSE,6,FALSE,18,Unknown,91,61,95,82,77,87,95
702,Barbara,female,FALSE,2,TRUE,16,Writer,71,100,99,95,91,96,96
703,Andrea,female,FALSE,4,FALSE,2,Unknown,61,66,78,79,79,96,81
704,Robert,male,FALSE,5,TRUE,16,Unknown,87,89,60,66,79,81,65
705,Autumn,female,FALSE,0,FALSE,29,Software Engineer,93,69,79,78,77,73,77
706,Richard,male,FALSE,5,FALSE,35,Accountant,92,88,87,98,96,85,96
707,Anthony,male,FALSE,2,FALSE,11,Banker,96,87,99,65,98,79,93
708,Julian,male,FALSE,3,FALSE,4,Artist,83,75,77,61,93,61,75
709,Melinda,female,FALSE,0,FALSE,15,Teacher,78,84,79,96,76,71,71
710,James,male,TRUE,10,FALSE,25,Banker,82,74,84,74,86,81,100
711,Alejandra,female,FALSE,1,FALSE,31,Accountant,94,91,68,61,34,60,63
712,Susan,female,FALSE,7,FALSE,30,Doctor,93,73,97,89,88,63,70
713,Sharon,female,FALSE,3,FALSE,17,Teacher,80,95,98,95,96,97,85
714,Leah,female,FALSE,10,FALSE,0,Business Owner,55,99,71,94,69,87,84
715,Maria,female,TRUE,2,FALSE,10,Government Officer,94,71,83,76,99,95,94
716,Kelly,female,FALSE,2,FALSE,22,Writer,72,72,85,90,75,94,65
717,Michael,male,FALSE,3,FALSE,16,Software Engineer,98,89,75,68,87,69,96
718,Alyssa,female,FALSE,2,FALSE,11,Unknown,71,98,66,65,78,81,82
719,Kelly,female,FALSE,3,FALSE,35,Software Engineer,99,95,89,90,95,98,99
720,Ryan,male,FALSE,1,FALSE,25,Stock Investor,97,67,86,95,65,91,76
721,Maria,female,FALSE,9,FALSE,5,Business Owner,85,64,99,93,89,61,67
722,Mark,male,FALSE,2,TRUE,35,Unknown,100,88,98,90,93,95,98
723,William,male,FALSE,4,FALSE,15,Banker,89,63,73,83,74,91,83
724,Jake,male,FALSE,4,TRUE,21,Banker,76,87,63,92,93,87,88
725,Theresa,female,FALSE,2,FALSE,3,Designer,100,68,80,75,85,82,85
726,Ashley,female,FALSE,1,FALSE,1,Real Estate Developer,77,99,99,76,70,80,90
727,Ann,female,FALSE,1,FALSE,32,Software Engineer,85,86,84,81,92,84,93
728,Curtis,male,FALSE,6,TRUE,25,Lawyer,70,83,63,86,97,88,79
729,Debra,female,FALSE,9,FALSE,26,Lawyer,76,83,90,68,96,94,87
730,Linda,female,TRUE,7,FALSE,34,Lawyer,75,82,89,65,85,89,81
731,Justin,male,FALSE,2,TRUE,25,Stock Investor,97,65,96,87,87,95,100
732,Jose,male,TRUE,10,FALSE,3,Business Owner,72,81,61,73,96,72,86
733,Larry,male,TRUE,3,FALSE,12,Stock Investor,84,69,68,92,86,67,73
734,Austin,male,FALSE,1,FALSE,25,Unknown,84,94,65,74,92,81,79
735,Michael,male,FALSE,6,FALSE,50,Doctor,94,87,99,99,86,86,85
736,Beth,female,FALSE,7,FALSE,15,Designer,80,91,100,87,87,94,100
737,Tracie,female,FALSE,0,FALSE,34,Software Engineer,87,98,79,87,92,80,93
738,Brandi,female,FALSE,6,FALSE,27,Stock Investor,93,94,87,92,99,93,88
739,Carla,female,FALSE,1,FALSE,5,Game Developer,87,69,96,61,72,78,99
740,Thomas,male,FALSE,10,TRUE,0,Business Owner,64,51,70,94,86,65,80
741,Nicholas,male,FALSE,5,FALSE,15,Software Engineer,96,73,91,71,72,74,76
742,Breanna,female,FALSE,2,TRUE,31,Scientist,97,62,93,80,96,94,67
743,Angie,female,FALSE,6,FALSE,0,Artist,62,79,75,65,71,75,93
744,William,male,TRUE,1,FALSE,5,Business Owner,97,79,96,94,59,83,64
745,Joshua,male,FALSE,3,FALSE,35,Software Engineer,85,100,90,93,94,97,98
746,Thomas,male,FALSE,0,FALSE,27,Unknown,68,95,66,65,89,84,100
747,Sarah,female,TRUE,7,FALSE,1,Business Owner,45,68,99,91,88,63,61
748,Jeffery,male,TRUE,6,FALSE,2,Business Owner,86,79,86,73,53,84,79
749,Ashley,female,FALSE,10,FALSE,34,Software Engineer,97,94,73,98,87,97,98
750,Adam,male,TRUE,2,TRUE,18,Software Engineer,93,67,65,61,61,96,65
751,David,male,FALSE,1,FALSE,14,Software Engineer,85,93,75,72,84,63,63
752,Angela,female,FALSE,1,FALSE,6,Designer,88,88,98,92,71,66,90
753,Eric,male,FALSE,5,TRUE,2,Artist,100,67,98,71,92,79,99
754,Angel,male,FALSE,2,FALSE,19,Software Engineer,93,74,88,92,77,89,96
755,Lisa,female,FALSE,1,FALSE,1,Artist,70,63,73,97,63,61,90
756,Nicole,female,FALSE,2,FALSE,13,Banker,82,67,94,88,86,89,98
757,Annette,female,TRUE,8,FALSE,3,Business Owner,41,76,94,93,79,84,96
758,Ian,male,FALSE,2,FALSE,21,Banker,94,74,74,89,67,93,96
759,Kari,female,TRUE,2,FALSE,29,Designer,67,69,75,94,98,80,74
760,Mary,female,FALSE,0,TRUE,11,Government Officer,89,75,64,81,66,82,92
761,Raymond,male,FALSE,3,FALSE,23,Doctor,82,82,100,93,91,61,83
762,Christopher,male,TRUE,2,FALSE,30,Software Engineer,96,79,93,92,92,71,87
763,Jacqueline,female,FALSE,1,FALSE,13,Accountant,94,84,84,89,52,97,76
764,Jesse,male,FALSE,4,FALSE,19,Construction Engineer,84,65,83,99,86,75,67
765,Teresa,female,FALSE,5,FALSE,33,Software Engineer,87,98,97,70,80,67,82
766,Michael,male,FALSE,2,FALSE,21,Software Engineer,90,93,66,77,72,82,82
767,April,female,FALSE,7,FALSE,31,Scientist,86,81,91,83,97,83,80
768,Troy,male,FALSE,6,FALSE,3,Business Owner,48,72,64,65,64,55,79
769,Martha,female,TRUE,7,FALSE,3,Business Owner,49,59,99,59,75,54,70
770,William,male,TRUE,0,FALSE,30,Unknown,90,83,72,77,99,84,67
771,Cheryl,female,TRUE,5,TRUE,1,Business Owner,40,51,93,100,76,60,99
772,Diane,female,FALSE,0,TRUE,8,Unknown,78,81,71,91,79,79,75
773,Brian,male,FALSE,2,FALSE,29,Software Engineer,87,68,75,96,91,72,78
774,Heather,female,FALSE,2,FALSE,18,Accountant,79,81,68,70,60,65,71
775,Pamela,female,FALSE,6,TRUE,4,Game Developer,100,100,94,83,62,92,71
776,Betty,female,FALSE,1,FALSE,10,Unknown,71,72,65,65,65,67,97
777,Heather,female,FALSE,2,FALSE,32,Banker,77,64,69,60,92,76,74
778,Ebony,female,FALSE,1,FALSE,32,Lawyer,83,84,96,96,79,80,81
779,Sean,male,FALSE,2,TRUE,16,Software Engineer,96,79,80,71,67,76,63
780,Todd,male,FALSE,6,FALSE,35,Unknown,91,96,100,95,100,94,95
781,Julia,female,FALSE,8,FALSE,2,Business Owner,71,69,95,83,90,93,89
782,Mary,female,FALSE,3,FALSE,27,Unknown,84,80,75,63,71,86,63
783,Jimmy,male,FALSE,3,FALSE,28,Software Engineer,91,61,61,85,64,76,88
784,Henry,male,FALSE,2,FALSE,2,Real Estate Developer,59,65,72,60,94,63,75
785,Peter,male,FALSE,3,FALSE,42,Doctor,89,90,91,95,87,92,96
786,Robert,male,FALSE,7,FALSE,31,Banker,81,92,68,93,69,78,89
787,Matthew,male,FALSE,3,FALSE,15,Accountant,77,84,86,97,90,83,92
788,Tyler,male,FALSE,7,FALSE,1,Business Owner,72,58,73,57,67,88,70
789,Brittney,female,FALSE,5,FALSE,10,Teacher,91,63,78,93,76,76,90
790,Tracy,female,FALSE,5,FALSE,40,Doctor,88,100,94,91,85,91,88
791,Gregory,male,FALSE,8,FALSE,40,Doctor,94,88,99,92,98,85,95
792,Caroline,female,FALSE,0,FALSE,8,Real Estate Developer,67,72,98,65,61,87,89
793,Kelly,female,FALSE,2,FALSE,22,Unknown,88,86,82,89,81,61,83
794,Stacey,female,FALSE,3,FALSE,21,Unknown,67,67,62,80,61,61,82
795,Craig,male,FALSE,7,FALSE,31,Lawyer,95,87,96,97,83,93,88
796,Earl,male,FALSE,1,FALSE,10,Government Officer,96,91,78,94,81,88,86
797,Lisa,female,FALSE,3,TRUE,35,Banker,87,99,99,100,98,96,94
798,Michael,male,FALSE,3,FALSE,14,Banker,85,88,85,92,96,81,95
799,Jerry,male,FALSE,2,FALSE,7,Government Officer,88,85,100,68,65,97,94
800,Matthew,male,FALSE,5,FALSE,4,Business Owner,94,68,72,99,83,53,83
801,Mary,female,FALSE,4,TRUE,14,Teacher,67,100,77,85,73,95,86
802,Jessica,female,FALSE,1,TRUE,29,Software Engineer,92,63,99,77,82,88,72
803,Tiffany,female,TRUE,3,FALSE,20,Accountant,76,75,60,77,71,70,88
804,Mary,female,FALSE,3,TRUE,24,Software Engineer,86,75,96,62,81,91,84
805,Maria,female,FALSE,3,TRUE,27,Software Engineer,94,94,86,62,73,90,75
806,Erin,female,FALSE,3,FALSE,31,Software Engineer,100,85,62,62,89,65,67
807,Kendra,female,FALSE,4,FALSE,27,Lawyer,74,84,71,93,65,98,61
808,Anthony,male,FALSE,2,FALSE,23,Unknown,99,98,70,73,63,62,88
809,Molly,female,FALSE,10,FALSE,0,Business Owner,66,97,72,98,86,86,63
810,Brianna,female,FALSE,2,FALSE,35,Scientist,99,96,100,95,90,95,88
811,John,male,FALSE,1,TRUE,33,Unknown,97,76,99,85,98,62,97
812,Steven,male,FALSE,5,TRUE,11,Banker,81,71,76,95,99,85,71
813,Tina,female,FALSE,9,FALSE,10,Banker,95,88,62,85,82,94,73
814,Luis,male,TRUE,6,FALSE,3,Business Owner,55,69,53,75,86,95,61
815,Jeffrey,male,FALSE,3,FALSE,5,Real Estate Developer,50,62,97,90,93,75,80
816,Jeffrey,male,FALSE,5,FALSE,34,Software Engineer,98,84,90,83,84,61,99
817,Jennifer,female,FALSE,7,FALSE,15,Accountant,88,67,71,85,68,88,67
818,Judy,female,FALSE,1,FALSE,20,Software Engineer,87,99,92,85,62,69,67
819,Henry,male,FALSE,1,FALSE,3,Government Officer,73,74,94,76,97,86,85
820,Steven,male,TRUE,2,TRUE,2,Business Owner,46,71,60,50,85,69,62
821,Rebecca,female,FALSE,1,FALSE,27,Banker,88,82,90,94,99,78,65
822,James,male,TRUE,0,FALSE,29,Software Engineer,95,62,68,64,71,87,60
823,Heather,female,FALSE,1,TRUE,2,Artist,73,71,60,70,78,72,78
824,Alexis,female,FALSE,5,FALSE,9,Designer,70,88,100,91,98,68,81
825,Ryan,male,FALSE,7,FALSE,14,Construction Engineer,84,100,99,94,84,86,63
826,Brent,male,FALSE,8,FALSE,25,Doctor,88,60,87,90,87,86,62
827,Thomas,male,FALSE,1,TRUE,9,Unknown,66,65,82,96,87,87,63
828,Kevin,male,TRUE,9,FALSE,2,Business Owner,46,54,93,57,99,59,73
829,Patrick,male,FALSE,5,FALSE,31,Lawyer,71,92,60,73,74,86,94
830,Christopher,male,FALSE,5,FALSE,3,Designer,76,77,99,87,95,94,85
831,Cassandra,female,FALSE,5,FALSE,12,Designer,78,95,66,70,75,99,84
832,Christian,male,FALSE,5,FALSE,5,Business Owner,100,54,70,58,50,95,92
833,Brittany,female,FALSE,10,FALSE,11,Government Officer,73,97,87,93,78,99,86
834,James,male,FALSE,2,FALSE,4,Game Developer,96,63,85,77,82,65,88
835,Alexander,male,FALSE,2,FALSE,25,Unknown,82,84,93,70,99,66,80
836,Andrew,male,FALSE,1,FALSE,33,Unknown,81,91,71,79,98,69,75
837,Bobby,male,TRUE,1,FALSE,24,Unknown,97,80,67,71,75,96,100
838,Mary,female,FALSE,3,FALSE,0,Artist,92,65,95,60,93,69,82
839,Andrew,male,TRUE,6,FALSE,0,Business Owner,81,77,92,97,62,65,92
840,Melanie,female,FALSE,2,FALSE,3,Government Officer,99,69,71,84,96,84,69
841,Randy,male,FALSE,2,FALSE,26,Lawyer,97,100,87,90,96,86,93
842,David,male,FALSE,7,FALSE,31,Construction Engineer,80,87,94,68,89,82,76
843,Jennifer,female,FALSE,4,FALSE,20,Software Engineer,88,62,91,83,97,83,63
844,Shannon,female,FALSE,1,FALSE,9,Unknown,95,72,99,67,83,78,65
845,Stephanie,female,FALSE,10,TRUE,15,Software Engineer,90,81,69,70,95,97,62
846,Keith,male,FALSE,10,FALSE,1,Business Owner,77,89,50,82,71,78,70
847,Robert,male,TRUE,1,TRUE,4,Business Owner,82,69,91,95,82,85,60
848,Matthew,male,FALSE,3,TRUE,2,Real Estate Developer,90,74,88,97,88,73,66
849,Heather,female,FALSE,5,FALSE,32,Software Engineer,94,90,81,82,100,82,98
850,Lee,male,TRUE,7,FALSE,2,Business Owner,87,84,76,87,65,80,72
851,Jessica,female,TRUE,1,FALSE,2,Game Developer,86,66,88,98,68,79,77
852,Holly,female,FALSE,6,FALSE,19,Banker,84,85,83,69,82,91,69
853,James,male,FALSE,4,FALSE,12,Accountant,86,63,85,64,98,97,86
854,William,male,FALSE,10,FALSE,5,Business Owner,70,66,98,96,64,65,91
855,Lisa,female,FALSE,4,FALSE,22,Accountant,87,94,72,93,44,92,83
856,Kevin,male,TRUE,7,FALSE,1,Business Owner,47,78,75,62,61,55,93
857,Benjamin,male,FALSE,0,FALSE,21,Software Engineer,96,63,77,93,61,86,83
858,Sarah,female,TRUE,4,FALSE,5,Business Owner,54,93,96,59,84,79,93
859,Elizabeth,female,FALSE,3,TRUE,5,Real Estate Developer,59,100,64,68,86,89,91
860,Deborah,female,FALSE,2,FALSE,8,Unknown,92,99,93,82,97,70,79
861,Michael,male,FALSE,4,FALSE,25,Software Engineer,100,62,78,74,72,73,78
862,Brian,male,FALSE,5,FALSE,34,Scientist,92,81,84,84,84,66,74
863,Anthony,male,FALSE,3,FALSE,0,Real Estate Developer,75,66,91,73,100,94,67
864,Melinda,female,FALSE,0,FALSE,34,Software Engineer,93,74,63,97,64,61,92
865,Andre,male,FALSE,2,FALSE,31,Lawyer,100,96,67,63,91,96,84
866,Vanessa,female,TRUE,7,FALSE,1,Business Owner,80,84,67,96,88,94,86
867,Stephanie,female,FALSE,1,TRUE,28,Lawyer,100,92,66,96,76,88,77
868,Timothy,male,TRUE,4,FALSE,5,Business Owner,52,65,74,71,63,59,67
869,Carol,female,FALSE,1,FALSE,26,Software Engineer,95,69,91,67,67,70,71
870,Justin,male,FALSE,1,FALSE,21,Unknown,100,67,100,65,67,92,67
871,George,male,FALSE,4,FALSE,22,Software Engineer,96,73,90,84,64,75,62
872,Ashley,female,FALSE,3,FALSE,30,Unknown,60,67,94,74,71,98,74
873,Patricia,female,TRUE,7,FALSE,2,Business Owner,51,98,90,54,77,80,71
874,David,male,FALSE,5,FALSE,24,Software Engineer,85,100,93,64,81,78,64
875,Cody,male,FALSE,10,FALSE,15,Accountant,76,86,68,83,82,67,69
876,Joseph,male,FALSE,1,FALSE,24,Software Engineer,92,63,87,92,81,78,74
877,Adam,male,FALSE,5,FALSE,3,Government Officer,90,89,95,73,79,98,68
878,Brian,male,TRUE,6,TRUE,4,Business Owner,73,53,68,60,95,96,99
879,Melissa,female,FALSE,5,FALSE,42,Doctor,90,89,92,93,97,92,100
880,Lori,female,FALSE,6,FALSE,24,Accountant,87,87,86,91,90,75,79
881,Jessica,female,FALSE,1,FALSE,0,Real Estate Developer,93,96,70,92,65,90,84
882,Sharon,female,FALSE,3,FALSE,4,Real Estate Developer,75,91,68,86,81,72,89
883,Nicole,female,FALSE,3,FALSE,25,Software Engineer,96,100,99,82,79,95,89
884,Alison,female,TRUE,1,TRUE,1,Artist,63,75,68,63,63,73,79
885,Alexander,male,FALSE,5,FALSE,35,Lawyer,85,90,89,98,100,97,95
886,Bryan,male,FALSE,7,FALSE,20,Software Engineer,93,61,65,77,97,90,90
887,Nicole,female,FALSE,7,FALSE,11,Unknown,60,92,82,65,82,91,67
888,Christopher,male,TRUE,3,FALSE,21,Unknown,95,91,63,83,75,73,74
889,Lawrence,male,TRUE,9,FALSE,1,Business Owner,61,73,76,51,76,50,77
890,Rebecca,female,FALSE,3,FALSE,15,Software Engineer,97,81,65,70,62,96,75
891,John,male,FALSE,1,FALSE,33,Software Engineer,90,64,91,93,86,91,97
892,Sandra,female,TRUE,10,FALSE,4,Business Owner,90,100,80,66,63,69,66
893,Andrew,male,FALSE,2,TRUE,24,Software Engineer,85,74,68,68,75,78,95
894,Elizabeth,female,FALSE,1,FALSE,13,Banker,82,87,98,73,74,89,66
895,Scott,male,TRUE,6,FALSE,5,Business Owner,95,88,66,72,92,52,70
896,Joseph,male,FALSE,1,TRUE,12,Government Officer,95,96,66,68,90,91,99
897,Ryan,male,FALSE,4,TRUE,8,Real Estate Developer,81,90,71,97,81,86,73
898,Brenda,female,FALSE,2,FALSE,8,Teacher,62,69,99,95,73,79,83
899,Chad,male,FALSE,5,FALSE,8,Real Estate Developer,95,92,89,64,77,80,66
900,Natasha,female,TRUE,4,TRUE,0,Business Owner,64,62,51,85,74,91,93
901,Pamela,female,FALSE,5,FALSE,14,Designer,96,67,88,82,90,74,96
902,Cynthia,female,TRUE,4,TRUE,3,Business Owner,40,58,57,68,57,99,95
903,Robert,male,FALSE,2,FALSE,19,Stock Investor,87,80,84,65,91,84,65
904,Kevin,male,FALSE,4,FALSE,29,Unknown,74,95,82,61,70,88,92
905,Eileen,female,TRUE,7,TRUE,0,Business Owner,51,56,64,85,91,78,97
906,Robert,male,FALSE,7,FALSE,5,Real Estate Developer,57,74,98,93,63,70,67
907,Alicia,female,FALSE,6,FALSE,4,Business Owner,84,54,52,52,65,54,69
908,Jessica,female,FALSE,7,FALSE,1,Business Owner,84,83,71,98,93,95,99
909,Ruben,male,FALSE,8,TRUE,12,Stock Investor,100,84,73,96,97,85,63
910,Megan,female,FALSE,3,FALSE,27,Software Engineer,90,91,88,95,98,99,71
911,Jennifer,female,FALSE,4,TRUE,12,Banker,97,77,66,93,99,78,91
912,Carl,male,FALSE,3,FALSE,21,Banker,77,93,69,75,88,81,89
913,Valerie,female,FALSE,9,FALSE,15,Teacher,82,61,79,84,73,95,85
914,Laura,female,FALSE,3,FALSE,26,Software Engineer,89,68,83,88,69,79,74
915,Heidi,female,TRUE,10,FALSE,3,Business Owner,43,83,58,89,87,78,86
916,Regina,female,FALSE,1,FALSE,31,Lawyer,86,85,66,94,62,86,92
917,Lee,male,FALSE,9,FALSE,31,Scientist,92,74,95,97,87,78,68
918,Noah,male,FALSE,3,FALSE,3,Unknown,71,70,60,84,87,87,64
919,Dorothy,female,FALSE,8,FALSE,16,Software Engineer,92,81,71,97,96,72,63
920,Michael,male,FALSE,5,FALSE,29,Lawyer,77,92,65,62,76,84,100
921,Matthew,male,FALSE,4,FALSE,31,Software Engineer,90,62,87,63,77,71,68
922,John,male,FALSE,1,FALSE,46,Doctor,91,85,98,96,98,96,93
923,Shelly,female,FALSE,1,FALSE,24,Software Engineer,88,72,96,97,71,60,61
924,Ann,female,FALSE,2,FALSE,2,Real Estate Developer,98,73,85,78,61,74,96
925,David,male,TRUE,10,FALSE,2,Business Owner,87,60,67,88,99,56,92
926,Nicole,female,FALSE,3,FALSE,9,Teacher,66,64,82,82,72,96,100
927,Amanda,female,TRUE,7,FALSE,0,Business Owner,83,98,51,72,90,59,73
928,Charles,male,FALSE,8,FALSE,4,Business Owner,40,94,90,68,61,77,92
929,Teresa,female,FALSE,6,FALSE,4,Business Owner,43,90,78,63,68,63,72
930,Luis,male,FALSE,4,FALSE,34,Software Engineer,100,97,74,74,82,75,69
931,Timothy,male,FALSE,2,FALSE,34,Unknown,93,70,74,78,94,75,96
932,Michael,male,FALSE,5,FALSE,32,Software Engineer,98,86,82,72,79,93,94
933,Rachel,female,TRUE,4,FALSE,23,Software Engineer,90,95,73,81,81,62,81
934,Thomas,male,FALSE,2,TRUE,20,Software Engineer,90,77,86,91,76,78,62
935,Tiffany,female,FALSE,1,FALSE,5,Artist,68,67,65,68,63,97,63
936,Jessica,female,FALSE,5,TRUE,15,Software Engineer,91,60,98,77,72,74,63
937,Maurice,male,FALSE,3,FALSE,21,Designer,87,74,92,67,85,63,87
938,William,male,FALSE,1,FALSE,30,Software Engineer,91,90,88,92,75,98,91
939,Harry,male,FALSE,3,TRUE,15,Accountant,98,72,87,74,100,84,85
940,Gary,male,FALSE,6,TRUE,18,Banker,85,74,79,82,71,87,67
941,Maria,female,TRUE,10,FALSE,4,Business Owner,40,97,71,70,73,81,85
942,Jason,male,FALSE,3,FALSE,24,Accountant,76,75,76,67,60,77,100
943,Patrick,male,FALSE,3,FALSE,15,Banker,89,76,84,93,64,86,95
944,Alexandra,female,FALSE,3,FALSE,2,Artist,76,73,74,73,81,87,84
945,Jennifer,female,FALSE,6,FALSE,14,Software Engineer,91,61,100,88,73,84,100
946,Daniel,male,FALSE,1,FALSE,5,Business Owner,55,58,96,88,99,98,71
947,Catherine,female,FALSE,5,FALSE,0,Real Estate Developer,93,88,76,73,67,88,76
948,Amanda,female,FALSE,1,FALSE,10,Real Estate Developer,84,68,60,86,90,84,81
949,Emma,female,TRUE,5,FALSE,2,Business Owner,62,65,98,52,66,94,82
950,Bradley,male,FALSE,3,FALSE,30,Lawyer,80,81,75,72,71,84,87
951,Danielle,female,FALSE,7,FALSE,28,Doctor,93,84,85,94,95,74,83
952,Anna,female,FALSE,0,TRUE,29,Lawyer,92,82,63,61,66,84,98
953,Megan,female,FALSE,0,FALSE,35,Software Engineer,87,89,91,89,93,92,95
954,Melissa,female,FALSE,1,FALSE,12,Banker,83,69,93,60,98,83,88
955,Richard,male,TRUE,3,FALSE,32,Stock Investor,95,75,87,67,96,86,85
956,Victor,male,FALSE,2,FALSE,27,Accountant,79,65,92,67,78,66,98
957,Madison,female,FALSE,4,FALSE,25,Unknown,87,68,84,92,96,88,60
958,Connor,male,FALSE,10,FALSE,11,Unknown,94,92,76,74,65,96,87
959,Hunter,male,FALSE,3,FALSE,2,Game Developer,82,77,95,81,83,73,76
960,Shannon,female,FALSE,2,FALSE,24,Banker,90,98,89,78,74,93,65
961,Samantha,female,FALSE,4,FALSE,16,Accountant,100,68,62,76,72,94,89
962,Justin,male,FALSE,7,TRUE,1,Artist,98,85,75,66,73,88,85
963,Hunter,male,FALSE,0,FALSE,2,Game Developer,80,84,94,63,62,72,68
964,Shelia,female,FALSE,1,FALSE,35,Writer,89,91,96,100,95,93,86
965,Laura,female,FALSE,0,FALSE,5,Unknown,96,67,74,90,75,95,83
966,Ashley,female,FALSE,4,FALSE,14,Accountant,94,82,80,80,33,93,78
967,Beth,female,FALSE,2,FALSE,26,Unknown,64,65,97,96,80,80,78
968,Ray,male,FALSE,3,FALSE,41,Doctor,89,89,100,96,96,85,92
969,Jennifer,female,FALSE,2,TRUE,6,Unknown,97,78,99,88,69,98,60
970,Daniel,male,FALSE,3,FALSE,35,Software Engineer,91,97,87,93,94,90,88
971,Andrew,male,FALSE,0,TRUE,30,Construction Engineer,96,98,99,65,95,76,68
972,Scott,male,FALSE,2,TRUE,12,Banker,81,68,97,86,90,78,80
973,Jennifer,female,FALSE,2,FALSE,29,Software Engineer,87,89,61,66,72,90,61
974,Suzanne,female,TRUE,9,TRUE,4,Business Owner,67,56,77,93,95,50,74
975,Melissa,female,TRUE,2,FALSE,0,Artist,100,95,60,89,77,89,67
976,Erik,male,FALSE,3,FALSE,17,Software Engineer,88,74,60,60,78,94,69
977,Pamela,female,FALSE,1,TRUE,20,Software Engineer,86,64,100,76,99,77,86
978,Amanda,female,FALSE,2,FALSE,35,Scientist,85,87,90,88,87,97,100
979,Gregory,male,FALSE,2,FALSE,26,Software Engineer,93,95,80,88,83,62,65
980,Annette,female,FALSE,3,TRUE,24,Unknown,80,66,77,81,99,99,83
981,Tamara,female,TRUE,6,FALSE,0,Business Owner,56,67,57,79,87,89,89
982,John,male,FALSE,7,FALSE,32,Construction Engineer,87,62,84,96,69,98,64
983,Justin,male,FALSE,4,TRUE,4,Real Estate Developer,97,85,96,61,97,79,70
984,Daniel,male,FALSE,3,FALSE,34,Scientist,86,67,98,86,86,83,89
985,Angelica,female,TRUE,3,FALSE,29,Software Engineer,97,85,81,71,62,62,82
986,Lance,male,FALSE,2,TRUE,35,Unknown,91,94,97,97,100,88,99
987,Katherine,female,FALSE,5,FALSE,23,Software Engineer,86,64,96,84,86,96,92
988,Corey,male,TRUE,8,FALSE,5,Business Owner,90,97,54,59,82,76,72
989,Laura,female,FALSE,0,FALSE,1,Game Developer,95,87,87,84,95,84,65
990,Arthur,male,FALSE,1,FALSE,31,Banker,90,100,76,76,84,79,84
991,Victoria,female,FALSE,1,TRUE,14,Unknown,66,68,87,70,77,76,89
992,David,male,FALSE,6,FALSE,3,Business Owner,81,92,72,91,67,71,88
993,Charles,male,TRUE,2,FALSE,18,Software Engineer,85,99,86,69,68,98,62
994,Oscar,male,FALSE,1,TRUE,47,Doctor,94,90,95,85,98,91,96
995,Sarah,female,FALSE,2,FALSE,4,Game Developer,81,71,83,63,80,79,83
996,Eric,male,TRUE,1,TRUE,32,Software Engineer,97,87,95,67,98,93,89
997,Patrick,male,FALSE,3,TRUE,20,Accountant,100,79,72,98,87,76,76
998,Susan,female,TRUE,6,FALSE,3,Business Owner,54,64,72,80,98,83,85
999,Brett,male,TRUE,5,FALSE,19,Software Engineer,97,87,70,74,73,74,81
1000,Dennis,male,FALSE,1,TRUE,5,Real Estate Developer,65,83,67,84,89,65,73
1001,Brandon,male,FALSE,10,TRUE,0,Business Owner,53,51,57,72,77,78,79
1002,Nicole,female,FALSE,10,TRUE,9,Real Estate Developer,82,74,80,88,92,96,95
